Barcode;Όνομα supplier;Κατάσταση;Score;Σελίδα frezyderm.gr;URL;Εναλλακτική 1;Score 1;Εναλλακτική 2;Score 2;Εναλλακτική 3;Score 3
5202888227554;FREZYDERM  AQUA GEL LUBRICANT CARE  50GR;Χειροκίνητο;;AQUA CARE GEL;https://www.frezyderm.gr/omoiopathitiki/euaisthhth-perioxh/aqua-care-gel-lipantiko-kolpou-gia-thn-emmhnopaush/;AQUA CARE GEL;22.9;SELF CARE GEL INTIM LUBRICANT CARE;4.6;VAGINAL GEL PLUS TIGHTENING CARE;-1.3
5202888230189;FREZYDERM  BABY HYDRA MILK 300ML;Ακριβές (GTIN);;BABY HYDRA MILK;https://www.frezyderm.gr/frontida-mwrou/brefiko-galaktoma/baby-hydra-milk-brefiko-galaktwma/;BABY HYDRA MILK;30.0;AC-NORM HYDRA SCREEN SPF 15;-1.0;VOLPADERM AHA MILK;-1.5
5202888227158;FREZYDERM  Body Shower Revitalizing Cleanser 200ml;Ακριβές (GTIN);;BODY SHOWER REVITALIZING CLEANSER;https://www.frezyderm.gr/peripoiisi-somatos/afroloutra/body-shower-katharistiko-swmatos-euaisthhth-epidermida/;BODY SHOWER REVITALIZING CLEANSER;40.6;SENSITIVE KIDS SHOWER BATH;-6.1;SKIN CLEANSER;-7.3
5202888100413;FREZYDERM  Christialen Emulsion 100ml;Ακριβές (GTIN);;CHRISTIALEN EMULSION;https://www.frezyderm.gr/peripoiisi-somatos/galaktomata-somatos/christialen-emulsion-enudatiko-galaktwma-swmatos-200/;CHRISTIALEN EMULSION;19.9;CHRISTIALEN EMULSION;19.9;DE-MAKE UP 4 in 1;-8.5
5202888271199;FREZYDERM  Neck Contour Cream 50ml;Αυτόματο (σίγουρο);25.4;NECK CONTOUR CREAM;https://www.frezyderm.gr/proionta-peripoiisis-prosopou/kremes-prosopou/antigirantikes-kremes/krema-susfiksis-laimou/;NECK CONTOUR CREAM;25.4;BABY CREAM;-6.4;BABY CREAM;-6.4
5202888227394;FREZYDERM ABD REFORM SKIN TENSIONER CR 200ML;Αυτόματο (σίγουρο);57.7;ABD REFORM SKIN TENSIONER CREAM GEL;https://www.frezyderm.gr/proionta-egkumosunhs/kremes-susfikshs-gia-egkuous/abd-reform-skin-tensioner-cream-gel-krema-sisfiksis-somatos/;ABD REFORM SKIN TENSIONER CREAM GEL;57.7;SENSITIVE RED SKIN FACIAL CREAM;-6.3;SENSITIVE RED SKIN TINTED SPF 30 CREAM;-6.3
5202888228117;FREZYDERM Ac-Norm Active Cleanser 150ml;Αυτόματο (σίγουρο);30.0;AC-NORM ACTIVE CLEANSER;https://www.frezyderm.gr/proionta-peripoiisis-prosopou/proionta-katharismou-liparou-dermatos-me-tash-akmhs/ac-norm-active-cleanser-apalo-ygro-katharismou-proswpou/;AC-NORM ACTIVE CLEANSER;30.0;AC-NORM ACTIVE WASH;14.6;AC-NORM ACTIVE FOAM PLUS;4.6
5202888228377;FREZYDERM AC-NORM ACTIVE CLEANSER 200ML;Αυτόματο (σίγουρο);30.0;AC-NORM ACTIVE CLEANSER;https://www.frezyderm.gr/proionta-peripoiisis-prosopou/proionta-katharismou-liparou-dermatos-me-tash-akmhs/ac-norm-active-cleanser-apalo-ygro-katharismou-proswpou/;AC-NORM ACTIVE CLEANSER;30.0;AC-NORM ACTIVE WASH;14.6;AC-NORM ACTIVE FOAM PLUS;4.6
5202888228384;FREZYDERM AC-NORM ACTIVE FOAM PLUS 150ML;Αυτόματο (σίγουρο);39.5;AC-NORM ACTIVE FOAM PLUS;https://www.frezyderm.gr/proionta-peripoiisis-prosopou/proionta-katharismou-liparou-dermatos-me-tash-akmhs/ac-norm-active-foam-plus-afros-katharismou-proswpou/;AC-NORM ACTIVE FOAM PLUS;39.5;AC-NORM ACTIVE CLEANSER;1.9;AC-NORM ACTIVE WASH;1.9
5202888228445;FREZYDERM Ac-Norm Active Wash 50ml;Ακριβές (GTIN);;AC-NORM ACTIVE WASH;https://www.frezyderm.gr/proionta-peripoiisis-prosopou/proionta-katharismou-liparou-dermatos-me-tash-akmhs/ac-norm-active-wash-anydro-tzel-katharismou-proswpou/;AC-NORM ACTIVE WASH;30.7;AC-NORM ACTIVE CLEANSER;14.3;AC-NORM ACTIVE FOAM PLUS;4.3
5202888228070;FREZYDERM Ac-Norm Aquatic Cream 40ml;Αυτόματο (σίγουρο);30.4;AC-NORM AQUATIC CREAM;https://www.frezyderm.gr/proionta-peripoiisis-prosopou/kremes-gia-liparo-derma-me-tash-akmhs/ac-norm-aquatic-cream-enydatikh-krema/;AC-NORM AQUATIC CREAM;30.4;AC-NORM AQUATIC SERUM;9.3;AC-NORM SEB ADSORB CREAM;7.1
5202888228452;FREZYDERM AC-NORM AQUATIC CREAM 50ML;Ακριβές (GTIN);;AC-NORM AQUATIC CREAM;https://www.frezyderm.gr/proionta-peripoiisis-prosopou/kremes-gia-liparo-derma-me-tash-akmhs/ac-norm-aquatic-cream-enydatikh-krema/;AC-NORM AQUATIC CREAM;30.4;AC-NORM AQUATIC SERUM;9.3;AC-NORM SEB ADSORB CREAM;7.1
5202888228421;FREZYDERM Ac-Norm Aquatic Serum 50ml;Ακριβές (GTIN);;AC-NORM AQUATIC SERUM;https://www.frezyderm.gr/proionta-peripoiisis-prosopou/kremes-gia-liparo-derma-me-tash-akmhs/ac-norm-aquatic-serum-enydatikos-oil-free-oros-proswpou/;AC-NORM AQUATIC SERUM;33.5;AC-NORM AQUATIC CREAM;8.0;AC-NORM HYDRA SCREEN SPF 15;1.0
5202888221224;FREZYDERM AcNorm Baby Cream 40ml;Ακριβές (GTIN);;AC-NORM BABY CREAM;https://www.frezyderm.gr/frontida-mwrou/brefika-kalluntika/ac-norm-baby-cream-krema-gia-spurakia/;AC-NORM BABY CREAM;25.1;AC-NORM SEB ADSORB CREAM;8.6;AC-NORM TOTAL CONTROL CREAM;8.6
5202888102097;FREZYDERM Ac-Norm Hydra Screen SPF15  50ml;Αυτόματο (σίγουρο);50.7;AC-NORM HYDRA SCREEN SPF 15;https://www.frezyderm.gr/proionta-peripoiisis-prosopou/kremes-gia-liparo-derma-me-tash-akmhs/ac-norm-hydra-screen-spf-15-enydatikh-anthliakh-krema/;AC-NORM HYDRA SCREEN SPF 15;50.7;AC-NORM LIP BALM SPF 15;16.0;AC-NORM SUN SCREEN FLUID ΜΑΤ SPF 50+;4.0
5202888228476;FREZYDERM AC-NORM LIP BALM 15ML;Ακριβές (GTIN);;AC-NORM LIP BALM SPF 15;https://www.frezyderm.gr/proionta-peripoiisis-prosopou/kremes-gia-liparo-derma-me-tash-akmhs/ac-norm-lip-balm-spf-15-enydatiko-balm-xeiliwn/;AC-NORM LIP BALM SPF 15;34.4;ACTIVE SUN SCREEN LIP BALM SPF 50+;6.3;AC-NORM HYDRA SCREEN SPF 15;0.6
5202888228322;FREZYDERM AC-NORM MEDILIKE EF.TYPE1 50ML;Αυτόματο (σίγουρο);34.0;AC-NORM MEDILIKE EFFECT 1 CREAM;https://www.frezyderm.gr/proionta-peripoiisis-prosopou/kremes-gia-akmh/ac-norm-medilike-effect-1-cream-symptwmata-akmhs/;AC-NORM MEDILIKE EFFECT 1 CREAM;34.0;AC-NORM MEDILIKE EFFECT 2 CREAM;26.0;AC-NORM MEDILIKE EFFECT 3 CREAM;26.0
5202888228315;FREZYDERM AC-NORM MEDILIKE EF.TYPE2 50ML;Αυτόματο (σίγουρο);34.1;AC-NORM MEDILIKE EFFECT 2 CREAM;https://www.frezyderm.gr/proionta-peripoiisis-prosopou/kremes-gia-akmh/ac-norm-medilike-effect-2-cream-symptwmata-akmhs/;AC-NORM MEDILIKE EFFECT 2 CREAM;34.1;AC-NORM MEDILIKE EFFECT 1 CREAM;25.9;AC-NORM MEDILIKE EFFECT 3 CREAM;25.9
5202888228308;FREZYDERM AC-NORM MEDILIKE EF.TYPE3 50ML;Αυτόματο (σίγουρο);34.1;AC-NORM MEDILIKE EFFECT 3 CREAM;https://www.frezyderm.gr/proionta-peripoiisis-prosopou/kremes-gia-akmh/ac-norm-medilike-effect-3-cream-symptwmata-akmhs/;AC-NORM MEDILIKE EFFECT 3 CREAM;34.1;AC-NORM MEDILIKE EFFECT 1 CREAM;25.9;AC-NORM MEDILIKE EFFECT 2 CREAM;25.9
5202888228346;FREZYDERM Ac-Norm Micellar Water 200ml;Ακριβές (GTIN);;AC-NORM MICELLAR WATER;https://www.frezyderm.gr/proionta-peripoiisis-prosopou/proionta-katharismou-liparou-dermatos-me-tash-akmhs/ac-norm-micellar-water-calming-lotion/;AC-NORM MICELLAR WATER;32.4;AC-NORM PEEL-OFF MASK;16.1;MICELLAR WATER;7.4
5202888228339;FREZYDERM AC-NORM NORMALIZING LOTION 200ML;Ακριβές (GTIN);;AC-NORM NORMALIZING LOTION;https://www.frezyderm.gr/proionta-peripoiisis-prosopou/proionta-katharismou-liparou-dermatos-me-tash-akmhs/ac-norm-normalizing-lotion-proswpou/;AC-NORM NORMALIZING LOTION;35.1;AC-NORM MICELLAR WATER;6.3;AC-NORM HYDRA SCREEN SPF 15;0.4
5202888228094;FREZYDERM Ac-Norm Peeling Gel 40ml;Αυτόματο (σίγουρο);33.2;AC-NORM PEELING GEL;https://www.frezyderm.gr/proionta-peripoiisis-prosopou/proionta-katharismou-liparou-dermatos-me-tash-akmhs/ac-norm-peeling-gel-apolepishs-proswpou/;AC-NORM PEELING GEL;33.2;AC-NORM HYDRA SCREEN SPF 15;1.2;AC-NORM SPOT CARE;1.2
5202888228353;FREZYDERM Ac-Norm Peeling Gel 50ml;Ακριβές (GTIN);;AC-NORM PEELING GEL;https://www.frezyderm.gr/proionta-peripoiisis-prosopou/proionta-katharismou-liparou-dermatos-me-tash-akmhs/ac-norm-peeling-gel-apolepishs-proswpou/;AC-NORM PEELING GEL;33.2;AC-NORM HYDRA SCREEN SPF 15;1.2;AC-NORM SPOT CARE;1.2
5202888228360;FREZYDERM AC-NORM PEEL-OFF MASK 50ML;Ακριβές (GTIN);;AC-NORM PEEL-OFF MASK;https://www.frezyderm.gr/proionta-peripoiisis-prosopou/proionta-katharismou-liparou-dermatos-me-tash-akmhs/proionta-peripoiisis-prosopouproionta-katharismou-liparou-dermatos-me-tash-akmhsac-norm-micellar-water-calming-lotion/;AC-NORM PEEL-OFF MASK;42.2;AC-NORM HYDRA SCREEN SPF 15;-5.1;AC-NORM SPOT CARE;-5.1
5202888228407;FREZYDERM Ac-Norm Seb Adsorb Cream 50ml;Ακριβές (GTIN);;AC-NORM SEB ADSORB CREAM;https://www.frezyderm.gr/proionta-peripoiisis-prosopou/kremes-gia-liparo-derma-me-tash-akmhs/ac-norm-seb-adsorb-cream-ekseidikeymenh-krema-proswpou/;AC-NORM SEB ADSORB CREAM;44.9;AC-NORM TOTAL CONTROL CREAM;2.7;AC-NORM AQUATIC CREAM;2.7
5202888228469;FREZYDERM AC-NORM SPOT CARE 15ML;Ακριβές (GTIN);;AC-NORM SPOT CARE;https://www.frezyderm.gr/proionta-peripoiisis-prosopou/kremes-gia-liparo-derma-me-tash-akmhs/ac-norm-spot-care-gia-efarmogh-panw-sta-spyrakia/;AC-NORM SPOT CARE;30.7;AC-NORM SUN SCREEN FLUID ΜΑΤ SPF 50+;7.0;AC-NORM SUN SCREEN FLUID TINTED ΜΑΤ SPF 50+;7.0
5202888102349;FREZYDERM Ac-Norm Spot Care Gel 15ml;Αυτόματο (σίγουρο);27.8;AC-NORM SPOT CARE;https://www.frezyderm.gr/proionta-peripoiisis-prosopou/kremes-gia-liparo-derma-me-tash-akmhs/ac-norm-spot-care-gia-efarmogh-panw-sta-spyrakia/;AC-NORM SPOT CARE;27.8;AC-NORM PEELING GEL;5.7;SELF CARE GEL INTIM LUBRICANT CARE;0.3
5202888400025;FREZYDERM Ac-Norm Sun Screen Fluid SPF50+  50ml;Αυτόματο (σίγουρο);47.4;AC-NORM SUN SCREEN FLUID ΜΑΤ SPF 50+;https://www.frezyderm.gr/adiliaka/adiliaka-prosopou/acnorm-sun-screen-fluid-mat-spf50-antiliako-gia-liparo-me-tasi-akmis-derma/;AC-NORM SUN SCREEN FLUID ΜΑΤ SPF 50+;47.4;AC-NORM SUN SCREEN FLUID TINTED ΜΑΤ SPF 50+;47.4;SUN SCREEN FLUID-TO-POWDER SPF 50+;20.4
5202888400131;FREZYDERM Ac-Norm Sun Screen Tinted Fluid SPF50+  50ml;Αυτόματο (σίγουρο);46.0;AC-NORM SUN SCREEN FLUID TINTED ΜΑΤ SPF 50+;https://www.frezyderm.gr/adiliaka/adiliaka-prosopou-me-xroma/acnorm-sun-screen-fluid-tinted-mat-spf50-antiliako-me-xroma/;AC-NORM SUN SCREEN FLUID TINTED ΜΑΤ SPF 50+;46.0;AC-NORM SUN SCREEN FLUID ΜΑΤ SPF 50+;37.3;ACTIVE SUN SCREEN TINTED FACE FLUID SPF 50+;24.0
5202888228414;FREZYDERM AC-NORM TINED CREAM 50ML;Ακριβές (GTIN);;AC-NORM TINTED CREAM;https://www.frezyderm.gr/proionta-peripoiisis-prosopou/kremes-gia-liparo-derma-me-tash-akmhs/ac-norm-tinted-cream-krema-proswpou-me-xrwma/;AC-NORM SEB ADSORB CREAM;6.7;AC-NORM TOTAL CONTROL CREAM;6.7;AC-NORM AQUATIC CREAM;6.7
5202888228438;FREZYDERM Ac-Norm Total Control Cream 50ml;Αυτόματο (σίγουρο);45.6;AC-NORM TOTAL CONTROL CREAM;https://www.frezyderm.gr/proionta-peripoiisis-prosopou/kremes-gia-akmh/ac-norm-total-control-cream-symptwmata-akmhs/;AC-NORM TOTAL CONTROL CREAM;45.6;AC-NORM SEB ADSORB CREAM;2.5;AC-NORM AQUATIC CREAM;2.5
5202888271120;FREZYDERM Active Block SPF 25 Cream 50ml;Αυτόματο (σίγουρο);30.5;ACTIVE BLOCK SPF 25;https://www.frezyderm.gr/proionta-peripoiisis-prosopou/kremes-prosopou/antigirantikes-kremes/active-antigirantiki-krema/;ACTIVE BLOCK SPF 25;30.5;BABY SUN CARE SPF 25;5.5;ACTIVE SUN SCREEN FACE CREAM SPF 50+;-7.2
5202888400100;FREZYDERM ACTIVE S.SCREEN TINDED F.CREAM Spf50+50ML;Αυτόματο (για έλεγχο);45.0;ACTIVE SUN SCREEN TINTED FACE CREAM SPF 50+;https://www.frezyderm.gr/adiliaka/adiliaka-prosopou-me-xroma/active-egxrwmo-antiliako-energou-anthraka-me-polu-ipsili-prostasia/;ACTIVE SUN SCREEN TINTED FACE CREAM SPF 50+;45.0;ACTIVE SUN SCREEN FACE CREAM SPF 50+;27.6;ACTIVE SUN SCREEN TINTED FACE FLUID SPF 50+;24.2
5202888400063;FREZYDERM Active Sun Screen Body Foundation SPF30 75ml;Αυτόματο (σίγουρο);48.3;ACTIVE SUN SCREEN BODY FOUNDATION SPF 30;https://www.frezyderm.gr/adiliaka/adiliaka-somatos/active-antiliako-make-up-gia-to-swma/;ACTIVE SUN SCREEN BODY FOUNDATION SPF 30;48.3;ACTIVE SUN SCREEN FACE FOUNDATION SPF 30;31.2;ACTIVE SUN SCREEN FACE CREAM SPF 30;17.6
5202888400056;FREZYDERM Active Sun Screen Face - Body Sensitive SPF50  150ml;Αυτόματο (σίγουρο);39.8;ACTIVE SUN SCREEN SENSITIVE FACE - BODY SPF 50;https://www.frezyderm.gr/adiliaka/adiliaka-prosopou/active-antiliako-gia-egkuous-kai-euaisthito-derma-me-energo-anthraka/;ACTIVE SUN SCREEN SENSITIVE FACE - BODY SPF 50;39.8;ACTIVE SUN SCREEN FACE CREAM SPF 50+;23.9;ACTIVE SUN SCREEN FACE FLUID SPF 50+;23.9
5202888400087;FREZYDERM Active Sun Screen Face Cream SPF30 50ml;Αυτόματο (σίγουρο);41.2;ACTIVE SUN SCREEN FACE CREAM SPF 30;https://www.frezyderm.gr/adiliaka/adiliaka-prosopou/active-antiliako-me-energo-anthraka-upsili-prostasia/;ACTIVE SUN SCREEN FACE CREAM SPF 30;41.2;ACTIVE SUN SCREEN FACE FOUNDATION SPF 30;30.4;ACTIVE SUN SCREEN FACE CREAM SPF 50+;21.4
5202888400094;FREZYDERM Active Sun Screen Face Cream SPF50+  50ml;Αυτόματο (σίγουρο);39.3;ACTIVE SUN SCREEN FACE CREAM SPF 50+;https://www.frezyderm.gr/adiliaka/adiliaka-prosopou/active-antiliako-me-energo-anthraka-gia-polu-upsili-prostasia/;ACTIVE SUN SCREEN FACE CREAM SPF 50+;39.3;ACTIVE SUN SCREEN TINTED FACE CREAM SPF 50+;35.7;ACTIVE SUN SCREEN CREAM SPRAY SPF 50+;28.1
5202888400032;FREZYDERM Active Sun Screen Face Fluid SPF50+  50ml;Αυτόματο (σίγουρο);43.8;ACTIVE SUN SCREEN FACE FLUID SPF 50+;https://www.frezyderm.gr/adiliaka/adiliaka-prosopou/active-ugro-antiliako-me-energo-anthraka-polu-ipsili-prostasia/;ACTIVE SUN SCREEN FACE FLUID SPF 50+;43.8;ACTIVE SUN SCREEN TINTED FACE FLUID SPF 50+;40.2;ACTIVE SUN SCREEN SENSITIVE FACE - BODY SPF 50;23.1
5202888400070;FREZYDERM Active Sun Screen Face Foundation SPF30  30ml;Αυτόματο (σίγουρο);46.6;ACTIVE SUN SCREEN FACE FOUNDATION SPF 30;https://www.frezyderm.gr/adiliaka/adiliaka-prosopou-me-xroma/active-antiliako-make-up/;ACTIVE SUN SCREEN FACE FOUNDATION SPF 30;46.6;ACTIVE SUN SCREEN BODY FOUNDATION SPF 30;31.9;ACTIVE SUN SCREEN FACE CREAM SPF 30;28.4
5202888400018;FREZYDERM Active Sun Screen Lip Balm SPF50+ 15ml;Αυτόματο (σίγουρο);47.7;ACTIVE SUN SCREEN LIP BALM SPF 50+;https://www.frezyderm.gr/adiliaka/adiliaka-prosopou/active-antiliako-gia-xeili-me-energo-anthraka/;ACTIVE SUN SCREEN LIP BALM SPF 50+;47.7;ACTIVE SUN SCREEN SENSITIVE FACE - BODY SPF 50;15.1;ACTIVE SUN SCREEN CREAM SPRAY SPF 50+;10.2
5202888400049;FREZYDERM Active Sun Screen Tinded Face Fluid Spf50+ 50ml;Αυτόματο (σίγουρο);35.7;ACTIVE SUN SCREEN FACE FLUID SPF 50+;https://www.frezyderm.gr/adiliaka/adiliaka-prosopou/active-ugro-antiliako-me-energo-anthraka-polu-ipsili-prostasia/;ACTIVE SUN SCREEN FACE FLUID SPF 50+;35.7;ACTIVE SUN SCREEN TINTED FACE FLUID SPF 50+;35.7;ACTIVE SUN SCREEN SENSITIVE FACE - BODY SPF 50;18.6
5202888102226;FREZYDERM After Sun Mousse 150ml;Χωρίς σελίδα (χειροκίνητα);;;;SUN SCREEN MOUSSE SPF 30;3.9;SUN SCREEN MOUSSE SPF 50+;3.9;ATOPREL EMOLLIENT MOUSSE;-1.8
5202888271168;FREZYDERM Age Repair Set 25caps & Elixir 15ml;Ακριβές (GTIN);;AGE REPAIR SET;https://www.frezyderm.gr/proionta-peripoiisis-prosopou/kremes-prosopou/antigirantikes-kremes/age-repair-set-agwgh-antighranshs/;AGE REPAIR SET;31.3;LICE FREE SET;-8.0;AC-NORM ACTIVE FOAM PLUS;-18.0
5202888105166;FREZYDERM Anti - Age Shampoo 200ml;Χωρίς σελίδα;;;;AGE REPAIR SET;-0.2;SEB EXCESS SHAMPOO;-3.3;EVERY DAY USE SHAMPOO;-3.3
5202888271137;FREZYDERM Anti- Ageing Body cream  200ml;Ακριβές (GTIN);;ANTI-AGEING BODY CREAM;https://www.frezyderm.gr/peripoiisi-somatos/galaktomata-somatos/anti-ageing-body-cream-antighrantiko-galaktwma-swmatos/;ANTI-AGEING BODY CREAM;37.6;ANTI-AGING LIQUID SUNSCREEN PLANT EXOSOMES SPF 50+;3.8;ANTI-WRINKLE RICH DAY CREAM;-0.9
5202888222368;FREZYDERM Anti Thermal Water Mist 300ml;Ακριβές (GTIN);;ANTI-THERMAL SPRING SEA WATER MIST;https://www.frezyderm.gr/adiliaka/sprei-nerou/sprei-nerou-gia-ton-ilio/;ANTI-THERMAL SPRING SEA WATER MIST;31.1;SEA SIDE DRY MIST SPF 50+;-5.6;AC-NORM MICELLAR WATER;-7.1
5202888102936;FREZYDERM ANTICORT CREAM 50ml;Χωρίς σελίδα;;;;BABY CREAM;-1.9;BABY CREAM;-1.9;FREZYFEET KERACTIVE CREAM;-1.9
5202888261091;FREZYDERM ANTICORT OINTMENT 50ML CE;Αυτόματο (σίγουρο);15.6;ANTICORT OINTMENT;https://www.frezyderm.gr/ekzema-atopikh-dermatitida/anticort-ointment-aloifh-steroeidous-drashs/;ANTICORT OINTMENT;15.6;NIPPLE AID OINTMENT;-3.7;RECTANAL AID OINTMENT;-3.7
5202888102011;FREZYDERM Antidandruff Shampoo 125ml;Αυτόματο (σίγουρο);18.2;ANTIDANDRUFF SHAMPOO;https://www.frezyderm.gr/peripoiisi-mallion/sampouan/sampouan-gia-thn-piturida/antidandruff-shampoo-gia-liparh-piturida/;ANTIDANDRUFF SHAMPOO;18.2;SEB EXCESS SHAMPOO;-0.3;EVERY DAY USE SHAMPOO;-0.3
5202888105050;FREZYDERM ANTIDANDRUFF SHAMPOO SEBO 200ML;Ακριβές (GTIN);;ANTIDANDRUFF SHAMPOO;https://www.frezyderm.gr/peripoiisi-mallion/sampouan/sampouan-gia-thn-piturida/antidandruff-shampoo-gia-liparh-piturida/;ANTIDANDRUFF SHAMPOO;13.6;SEB EXCESS SHAMPOO;-4.8;EVERY DAY USE SHAMPOO;-4.8
5202888271663;FREZYDERM Antioxidant Radiation Guard Cream SPF80  50ml;Αυτόματο (σίγουρο);28.8;ANTIOXIDANT RADIATION GUARD SPF 50+;https://www.frezyderm.gr/proionta-peripoihshs-ekseidikeumenh-frontida/antiokseidwtikh-krema/antioxidant-radiation-guard/;ANTIOXIDANT RADIATION GUARD SPF 50+;28.8;BABY CREAM;-14.0;BABY CREAM;-14.0
5202888271038;FREZYDERM ANTI-WRINKLE DAY CREAM 45+ 50 ML;Αυτόματο (σίγουρο);17.2;ANTI-WRINKLE RICH DAY CREAM;https://www.frezyderm.gr/proionta-peripoiisis-prosopou/kremes-prosopou/antigirantikes-kremes/antirutidiki-krema-imeras/;ANTI-WRINKLE RICH DAY CREAM;17.2;ANTI-WRINKLE RICH NIGHT CREAM;4.9;DIAMOND VELVET ANTI-WRINKLE CREAM LUMINOUS GLOW;4.9
5202888271052;FREZYDERM ANTI-WRINKLE EYE CREAM 15 ML;Χωρίς σελίδα (χειροκίνητα);;;;ANTI-WRINKLE RICH DAY CREAM;8.2;ANTI-WRINKLE RICH NIGHT CREAM;8.2;DIAMOND VELVET ANTI-WRINKLE CREAM LUMINOUS GLOW;8.2
5202888271045;FREZYDERM ANTI-WRINKLE NIGHT CREAM 45+ 50 ML;Αυτόματο (σίγουρο);17.2;ANTI-WRINKLE RICH NIGHT CREAM;https://www.frezyderm.gr/proionta-peripoiisis-prosopou/kremes-prosopou/antigirantikes-kremes/antirutidiki-krema-nuxtas/;ANTI-WRINKLE RICH NIGHT CREAM;17.2;ANTI-WRINKLE RICH DAY CREAM;4.9;DIAMOND VELVET ANTI-WRINKLE CREAM LUMINOUS GLOW;4.9
5202888109690;FREZYDERM APHTHAE GEL ADULTS 10ML TUBE;Αυτόματο (σίγουρο);21.3;APHTHAE GEL Adults;https://www.frezyderm.gr/proionta-gia-th-stomatikh-ygieinh/proionta-stomatikhs-ygieinhs-gia-enhlikes/aphthae-gel-kataprayntiko-tzel-gia-afthes/;APHTHAE GEL Adults;21.3;SENSITEETH KIDS APHTHAE GEL;8.2;COUGH SYRUP ADULTS;-6.7
5202888102882;FREZYDERM AQUA CARE  VAGINAL CREAM 50ML;Χωρίς σελίδα;;;;AQUA CARE GEL;2.2;KIDS SUN CARE CREAM SPRAY SPF 50+;-1.4;NIPPLE EMOLLIENT CREAM-GEL;-3.6
5202888229084;FREZYDERM ATOPREL BABY LAUNDRY 1lit;Ακριβές (GTIN);;BABY LAUNDRY;https://www.frezyderm.gr/frontida-mwrou/brefika-aporrupantika/baby-laundry-brefiko-aporrupantiko/;BABY LAUNDRY;8.8;ATOPREL EMOLLIENT BAUME;-7.1;ATOPREL EMOLLIENT CLASSIC;-7.1
5202888295003;FREZYDERM ATOPREL BARRIER CREAM 150ML;Αυτόματο (σίγουρο);27.2;ATOPREL BARRIER CREAM;https://www.frezyderm.gr/ekzema-atopikh-dermatitida/atoprel-barrier-cream-krema-proswpou-swmatos/;ATOPREL BARRIER CREAM;27.2;DERMOFILIA BARRIER HAND CREAM;4.9;ATOPREL BATH CREAM;3.2
5202888102394;FREZYDERM Atoprel Bath Cream 150ml;Αυτόματο (σίγουρο);25.5;ATOPREL BATH CREAM;https://www.frezyderm.gr/ekzema-atopikh-dermatitida/atoprel-bath-cream-eidiko-kremwdes-katharistiko/;ATOPREL BATH CREAM;25.5;ATOPREL BARRIER CREAM;3.7;SENSITIVE KIDS SHOWER BATH;-0.6
5202888295010;FREZYDERM ATOPREL BATH CREAM 300ML;Αυτόματο (σίγουρο);25.5;ATOPREL BATH CREAM;https://www.frezyderm.gr/ekzema-atopikh-dermatitida/atoprel-bath-cream-eidiko-kremwdes-katharistiko/;ATOPREL BATH CREAM;25.5;ATOPREL BARRIER CREAM;3.7;SENSITIVE KIDS SHOWER BATH;-0.6
5202888295041;FREZYDERM ATOPREL EMOLLIENT BAUME 300ML;Αυτόματο (σίγουρο);31.9;ATOPREL EMOLLIENT BAUME;https://www.frezyderm.gr/ekzema-atopikh-dermatitida/atoprel-emollient-baume-malaktikh-krema/;ATOPREL EMOLLIENT BAUME;31.9;ATOPREL EMOLLIENT CLASSIC;12.7;ATOPREL EMOLLIENT MOUSSE;12.7
5202888295201;FREZYDERM ATOPREL EMOLLIENT CLASSIC 200ML CE;Αυτόματο (σίγουρο);27.3;ATOPREL EMOLLIENT CLASSIC;https://www.frezyderm.gr/ekzema-atopikh-dermatitida/atoprel-emollient-classic-malaktikh-krema/;ATOPREL EMOLLIENT CLASSIC;27.3;ATOPREL EMOLLIENT BAUME;8.2;ATOPREL EMOLLIENT MOUSSE;8.2
5202888102370;FREZYDERM ATOPREL EMOLLIENT CREAM 150ML;Αυτόματο (σίγουρο);15.3;ATOPREL EMOLLIENT BAUME;https://www.frezyderm.gr/ekzema-atopikh-dermatitida/atoprel-emollient-baume-malaktikh-krema/;ATOPREL EMOLLIENT BAUME;15.3;ATOPREL EMOLLIENT CLASSIC;15.3;NIPPLE EMOLLIENT CREAM-GEL;8.3
5202888295058;FREZYDERM ATOPREL EMOLLIENT MOUSSE 200ML;Αυτόματο (σίγουρο);30.3;ATOPREL EMOLLIENT MOUSSE;https://www.frezyderm.gr/ekzema-atopikh-dermatitida/atoprel-emollient-mousse-malaktikos-afros/;ATOPREL EMOLLIENT MOUSSE;30.3;ATOPREL EMOLLIENT BAUME;13.4;ATOPREL EMOLLIENT CLASSIC;13.4
5202888229046;FREZYDERM Atoprel Foamy Shampoo 150ml;Αυτόματο (σίγουρο);31.0;ATOPREL FOAMY SHAMPOO;https://www.frezyderm.gr/ekzema-atopikh-dermatitida/atoprel-foamy-shampoo-eidiko-sampouan-se-morfh-afrou/;ATOPREL FOAMY SHAMPOO;31.0;ATOPREL EMOLLIENT BAUME;-3.1;ATOPREL EMOLLIENT CLASSIC;-3.1
5202888295027;FREZYDERM ATOPREL FOAMY SHAMPOO 250ML;Αυτόματο (σίγουρο);31.0;ATOPREL FOAMY SHAMPOO;https://www.frezyderm.gr/ekzema-atopikh-dermatitida/atoprel-foamy-shampoo-eidiko-sampouan-se-morfh-afrou/;ATOPREL FOAMY SHAMPOO;31.0;ATOPREL EMOLLIENT BAUME;-3.1;ATOPREL EMOLLIENT CLASSIC;-3.1
5202888102387;FREZYDERM Atoprel Milky Bath Oil 125ml;Αυτόματο (σίγουρο);44.8;ATOPREL MILKY BATH OIL;https://www.frezyderm.gr/ekzema-atopikh-dermatitida/atoprel-milky-bath-oil-enydatiko-ladi/;ATOPREL MILKY BATH OIL;44.8;BABY OIL;-6.9;SENSITIVE KIDS SHOWER BATH;-6.9
5202888101151;FREZYDERM BABY ABCC 50ML;Ακριβές (GTIN);;BABY A.B.C.C.;https://www.frezyderm.gr/frontida-mwrou/brefika-kalluntika/baby-abcc-ladi-gia-ninida/;BABY A.B.C.C.;8.9;BABY CREAM;-1.0;BABY CREAM;-1.0
5202888101137;FREZYDERM Baby Bath 200ml;Αυτόματο (σίγουρο);15.0;BABY BATH;https://www.frezyderm.gr/frontida-mwrou/vrefika-afroloutra/baby-bath-vrefiko-afroloutro/;BABY BATH;15.0;BABY CHAMOMILE BATH;8.6;SENSITIVE KIDS SHOWER BATH;2.3
5202888221255;FREZYDERM BABY BATH 300ML;Ακριβές (GTIN);;BABY BATH;https://www.frezyderm.gr/frontida-mwrou/vrefika-afroloutra/baby-bath-vrefiko-afroloutro/;BABY BATH;15.0;BABY CHAMOMILE BATH;8.6;SENSITIVE KIDS SHOWER BATH;2.3
5202888101120;FREZYDERM BABY CHAMOMILE BATH 200ML;Ακριβές (GTIN);;BABY CHAMOMILE BATH;https://www.frezyderm.gr/frontida-mwrou/brefika-kalluntika/baby-chamomile-bath-brefiko-kalluntiko/;BABY CHAMOMILE BATH;30.3;BABY BATH;4.0;SENSITIVE KIDS SHOWER BATH;-2.3
5202888102806;FREZYDERM Baby Cologne 150ml;Ακριβές (GTIN);;BABY COLOGNE;https://www.frezyderm.gr/frontida-mwrou/brefika-kalluntika/baby-cologne-brefiki-kolwnia/;BABY COLOGNE;16.9;BABY CREAM;-1.0;BABY CREAM;-1.0
5202888221187;FREZYDERM BABY CREAM  175 ml;Αυτόματο (σίγουρο);16.1;BABY CREAM;https://www.frezyderm.gr/frontida-mwrou/kremes-gia-sygkama/baby-cream-175-ml-krema-gia-sygkama/;BABY CREAM;16.1;BABY CREAM;6.4;AC-NORM BABY CREAM;6.4
5202888101076;FREZYDERM Baby Cream 50ml;Αυτόματο (για έλεγχο);11.0;BABY CREAM;https://www.frezyderm.gr/frontida-mwrou/kremes-gia-sygkama/baby-cream-50-ml-krema-gia-sygkama/;BABY CREAM;11.0;BABY CREAM;11.0;AC-NORM BABY CREAM;11.0
5202888101144;FREZYDERM BABY FOAM 150ML;Ακριβές (GTIN);;BABY FOAM;https://www.frezyderm.gr/frontida-mwrou/vrefika-afroloutra/baby-foam-afros-katharismou/;BABY FOAM;13.9;AC-NORM ACTIVE FOAM PLUS;1.7;MILD WASH FOAM;1.7
5202888221170;FREZYDERM BABY GUMS GEL 25ml;Αυτόματο (σίγουρο);28.1;BABY GUMS GEL;https://www.frezyderm.gr/frontida-mwrou/brefiki-stomatiki-ugieini/tzel-gia-oyla-dontia-brefous/baby-gums-gel-tzel-gia-oula-mwrwn/;BABY GUMS GEL;28.1;BABY COLI SLEEP MASSAGE GEL;2.7;SENSITEETH KIDS APHTHAE GEL;-3.5
5202888101090;FREZYDERM BABY HYDRA MILK 200ML;Αυτόματο (σίγουρο);30.0;BABY HYDRA MILK;https://www.frezyderm.gr/frontida-mwrou/brefiko-galaktoma/baby-hydra-milk-brefiko-galaktwma/;BABY HYDRA MILK;30.0;AC-NORM HYDRA SCREEN SPF 15;-1.0;VOLPADERM AHA MILK;-1.5
5202888101106;FREZYDERM BABY LIQUID TALK 150ML;Ακριβές (GTIN);;BABY LIQUID TALC;https://www.frezyderm.gr/frontida-mwrou/brefika-kalluntika/baby-liquid-talc-krema-talc/;BABY LIQUID TALC;10.4;MILD WASH LIQUID;-2.3;ANTI-AGING LIQUID SUNSCREEN PLANT EXOSOMES SPF 50+;-2.3
5202888101113;FREZYDERM Baby Oil 200ml;Ακριβές (GTIN);;BABY OIL;https://www.frezyderm.gr/frontida-mwrou/brefika-kalluntika/baby-oil-brefiko-ladi-masaz/;BABY OIL;15.0;ATOPREL MILKY BATH OIL;2.3;PERINEUM AREA MASSAGE OIL;2.3
5202888221194;FREZYDERM BABY PERIORAL 40ml;Αυτόματο (σίγουρο);16.9;BABY PERIORAL ΟΙΝΤΜΕΝΤ;https://www.frezyderm.gr/frontida-mwrou/brefiki-stomatiki-ugieini/baby-perioral-cream-brefiko-kalluntiko/;BABY PERIORAL ΟΙΝΤΜΕΝΤ;16.9;BABY CREAM;-1.0;BABY CREAM;-1.0
5202888238000;FREZYDERM BABY PERIORAL OINTMENT 40ML;Αυτόματο (σίγουρο);12.9;BABY PERIORAL ΟΙΝΤΜΕΝΤ;https://www.frezyderm.gr/frontida-mwrou/brefiki-stomatiki-ugieini/baby-perioral-cream-brefiko-kalluntiko/;BABY PERIORAL ΟΙΝΤΜΕΝΤ;12.9;NIPPLE AID OINTMENT;-1.8;ANTICORT OINTMENT;-1.8
5202888101069;FREZYDERM Baby Shampoo 200ml;Αυτόματο (σίγουρο);13.8;BABY SHAMPOO;https://www.frezyderm.gr/frontida-mwrou/brefika-sampouan/baby-shampoo-brefiko-sampouan/;BABY SHAMPOO;13.8;SEB EXCESS SHAMPOO;1.6;EVERY DAY USE SHAMPOO;1.6
5202888221248;FREZYDERM BABY SHAMPOO 300ML;Ακριβές (GTIN);;BABY SHAMPOO;https://www.frezyderm.gr/frontida-mwrou/brefika-sampouan/baby-shampoo-brefiko-sampouan/;BABY SHAMPOO;13.8;SEB EXCESS SHAMPOO;1.6;EVERY DAY USE SHAMPOO;1.6
5202888221262;FREZYDERM BABY SUN CARE SPF 25 100ML;Ακριβές (GTIN);;BABY SUN CARE SPF 25;https://www.frezyderm.gr/frontida-mwrou/brefika-antiliaka/baby-sun-care-spf-25-brefiko-antiliako/;BABY SUN CARE SPF 25;42.0;BABY SUN CARE SPF 50;17.5;INFANT SUN CARE SPF 50+;6.1
5202888102363;FREZYDERM Baby Sun Care SPF25  75ml;Αυτόματο (σίγουρο);42.0;BABY SUN CARE SPF 25;https://www.frezyderm.gr/frontida-mwrou/brefika-antiliaka/baby-sun-care-spf-25-brefiko-antiliako/;BABY SUN CARE SPF 25;42.0;BABY SUN CARE SPF 50;17.5;INFANT SUN CARE SPF 50+;6.1
5202888222382;FREZYDERM Bronze Water Color Mist 300ml;Χωρίς σελίδα;;;;ANTI-THERMAL SPRING SEA WATER MIST;2.6;SEA SIDE DRY MIST SPF 50+;-5.9;AC-NORM MICELLAR WATER;-7.4
5202888281082;FREZYDERM CHLORHEXENE GEL 30ML;Ακριβές (GTIN);;PERIODIGUM CHLORHEXENE GEL;https://www.frezyderm.gr/proionta-gia-th-stomatikh-ygieinh/proionta-stomatikhs-ygieinhs-gia-enhlikes/prostasia-apo-thn-periodontitida/periodigum-chlorhexene-gel/;PERIODIGUM CHLORHEXENE GEL;16.5;BABY GUMS GEL;-0.5;SENSITEETH KIDS APHTHAE GEL;-0.5
5202888282041;FREZYDERM Chlorhexene Pro Mouthwash 250ml;Αυτόματο (σίγουρο);31.6;CHLORHEXENE PRO MOUTHWASH;https://www.frezyderm.gr/proionta-gia-th-stomatikh-ygieinh/proionta-stomatikhs-ygieinhs-gia-enhlikes/prostasia-apo-thn-periodontitida/chlorhexene-pro-mouthwash-stomatiko-dialyma/;CHLORHEXENE PRO MOUTHWASH;31.6;OXYGEΝ PRO MOUTHWASH;13.1;SENSITEETH KIDS MOUTHWASH;-4.3
5202888271106;FREZYDERM Christialen Emulsion 200ml;Αυτόματο (σίγουρο);19.9;CHRISTIALEN EMULSION;https://www.frezyderm.gr/peripoiisi-somatos/galaktomata-somatos/christialen-emulsion-enudatiko-galaktwma-swmatos-100/;CHRISTIALEN EMULSION;19.9;CHRISTIALEN EMULSION;19.9;DE-MAKE UP 4 in 1;-8.5
5202888106149;FREZYDERM CLEANER HYPERTONIC STRONG 120ML;Αυτόματο (σίγουρο);26.4;FREZYMAR CLEANER HYPERTONIC STRONG;https://www.frezyderm.gr/aposumforitika-mutis/rinika-sprei/frezymar-cleaner-riniko-aposumforhtiko-strong/;FREZYMAR CLEANER HYPERTONIC STRONG;26.4;FREZYMAR CLEANER HYPERTONIC ALOE & EUCALYPTUS MEDIUM;10.0;FREZYMAR CLEANER HYPERTONIC SOFT;10.0
5202888221231;FREZYDERM COLIC RELIEF MASSAGE GEL 100ML;Αυτόματο (σίγουρο);28.3;BABY COLI SLEEP MASSAGE GEL;https://www.frezyderm.gr/frontida-mwrou/brefika-kalluntika/colic-relief-massage-gel-iga-kolikous-mwrou/;BABY COLI SLEEP MASSAGE GEL;28.3;BABY GUMS GEL;-9.7;SENSITEETH KIDS APHTHAE GEL;-9.7
5202888271670;FREZYDERM Color Eye Balm 15ml;Αυτόματο (σίγουρο);23.4;COLOR EYE BALM;https://www.frezyderm.gr/proionta-peripoiisis-prosopou/proionta-peripoihshs-matiwn/egxrwmi-krema-gia-sakoules-sta-matia/;COLOR EYE BALM;23.4;EYE BALM;11.0;AC-NORM LIP BALM SPF 15;-1.8
5202888105142;FREZYDERM Color Protect Shampoo 200ml;Χωρίς σελίδα;;;;SUN SCREEN COLOR VELVET FACE SPF 50+;-3.3;SUN SCREEN COLOR VELVET FACE SPF 30;-3.3;VELVET COLORS LIGHT - Ματ Μake Up;-3.3
5202888105159;FREZYDERM Color Protect Spray 100ml;Χωρίς σελίδα;;;;SUN SCREEN COLOR VELVET FACE SPF 50+;-3.1;SUN SCREEN COLOR VELVET FACE SPF 30;-3.1;VELVET COLORS LIGHT - Ματ Μake Up;-3.1
5202888227240;FREZYDERM Confidence Up Cream 125ml;Αυτόματο (σίγουρο);16.1;UP CONFIDENCE BUST RECOVERY CREAM GEL;https://www.frezyderm.gr/peripoiisi-somatos/krema-anorthosis-stithous/confidence-up-bust-recovery-cream-gel-krema-anorthwshs-sththous/;UP CONFIDENCE BUST RECOVERY CREAM GEL;16.1;DE-MAKE UP 4 in 1;-2.0;VELVET COLORS LIGHT - Ματ Μake Up;-2.0
5202888331008;FREZYDERM COUGH SYRUP ADULTS+12y 182GR;Αυτόματο (σίγουρο);28.4;COUGH SYRUP ADULTS;https://www.frezyderm.gr/siropia-gia-ton-bhxa/cough-syrup-adults-siropi-gia-ton-bhxa/;COUGH SYRUP ADULTS;28.4;COUGH SYRUP KIDS;11.6;MACROGOL ADULTS 3350;-8.1
5202888331015;FREZYDERM COUGH SYRUP KIDS +1y 182GR;Αυτόματο (σίγουρο);26.2;COUGH SYRUP KIDS;https://www.frezyderm.gr/siropia-gia-ton-bhxa/cough-syrup-kids-siropi-gia-ton-bhxa/;COUGH SYRUP KIDS;26.2;COUGH SYRUP ADULTS;12.5;SENSITEETH KIDS TOOTHPASTE 500ppm;-9.4
5202888224348;FREZYDERM CRILEN  ANTI-MOSQUITO 10%  150ML;Αυτόματο (σίγουρο);40.9;CRILEN ANTI-MOSQUITO 10%;https://www.frezyderm.gr/proionta-gia-anakoufisi-prostasia-apo-tsimpimata-entomwn/entomoapothitika/crilen-anti-mosquito-10-galaktwma-gia-prostasia-apo-kounoupia/;CRILEN ANTI-MOSQUITO 10%;40.9;CRILEN ANTI-MOSQUITO PLUS SPRAY 20%;24.1;SUN SCREEN TAN ACCELERATOR SPF 10;-5.6
5202888224355;FREZYDERM CRILEN  ANTI-MOSQUITO 20%  PLUS 100ML;Αυτόματο (σίγουρο);38.1;CRILEN ANTI-MOSQUITO PLUS SPRAY 20%;https://www.frezyderm.gr/proionta-gia-anakoufisi-prostasia-apo-tsimpimata-entomwn/entomoapothitika/crilen-anti-mosquito-plus-spray-20-gia-prostasia-apo-kounoupia/;CRILEN ANTI-MOSQUITO PLUS SPRAY 20%;38.1;CRILEN ANTI-MOSQUITO 10%;20.2;CRILEN ADULT PLUS;-3.4
5202888010996;FREZYDERM CRILEN 125ML;Ακριβές (GTIN);;CRILEN ΓΑΛΑΚΤΩΜΑ;https://www.frezyderm.gr/proionta-gia-anakoufisi-prostasia-apo-tsimpimata-entomwn/enydatwsi/crilen-galaktwma-125ml-tsimpimata-entomwn/;CRILEN ΓΑΛΑΚΤΩΜΑ;7.4;CRILEN ANTI-MOSQUITO PLUS SPRAY 20%;4.4;CRILEN AFTER NIP Gel;4.4
5202888224300;FREZYDERM CRILEN ADULT PLUS 125ML;Αυτόματο (σίγουρο);27.5;CRILEN ADULT PLUS;https://www.frezyderm.gr/proionta-gia-anakoufisi-prostasia-apo-tsimpimata-entomwn/enydatwsi/crilen-adult-plus-enydatiko-galaktwma-kai-me-entomoapwthish/;CRILEN ADULT PLUS;27.5;CRILEN ANTI-MOSQUITO PLUS SPRAY 20%;4.8;CRILEN ΓΑΛΑΚΤΩΜΑ;0.5
5202888224263;FREZYDERM CRILEN AFTER NIP SOFT GEL 30ML;Αυτόματο (σίγουρο);34.2;CRILEN AFTER NIP Gel;https://www.frezyderm.gr/proionta-gia-anakoufisi-prostasia-apo-tsimpimata-entomwn/gel/crilen-after-nip-anakoufisi-tsimpimata-entomwn/;CRILEN AFTER NIP Gel;34.2;CRILEN ADULT PLUS;-10.7;CRILEN ROLL BALL;-10.7
5202888010989;FREZYDERM Crilen Cream 50ml;Ακριβές (GTIN);;CRILEN ΓΑΛΑΚΤΩΜΑ;https://www.frezyderm.gr/proionta-gia-anakoufisi-prostasia-apo-tsimpimata-entomwn/enydatwsi/crilen-galaktwma-50ml-tsimpimata-entomwn/;CRILEN ADULT PLUS;2.4;CRILEN ROLL BALL;2.4;CRILEN ANTI-MOSQUITO 10%;2.4
5202888102219;FREZYDERM CRILEN PROTECTIVE MOUSSE 150ML;Ακριβές (GTIN);;CRILEN MOUSSE;https://www.frezyderm.gr/proionta-gia-anakoufisi-prostasia-apo-tsimpimata-entomwn/enydatwsi/crilen-mousse-entomoapwthitiko/;CRILEN MOUSSE;5.0;SUN SCREEN MOUSSE SPF 30;-2.7;ATOPREL EMOLLIENT MOUSSE;-2.7
5202888224324;FREZYDERM CRILEN ROLL BALL 50ML;Αυτόματο (σίγουρο);33.6;CRILEN ROLL BALL;https://www.frezyderm.gr/proionta-gia-anakoufisi-prostasia-apo-tsimpimata-entomwn/enydatwsi/crilen-roll-ball-enydatiko-galaktwma-kai-me-entomoapwthish/;CRILEN ROLL BALL;33.6;CRILEN ΓΑΛΑΚΤΩΜΑ;-1.8;CRILEN ANTI-MOSQUITO PLUS SPRAY 20%;-4.8
5202888224317;FREZYDERM CRILEN WIPES 20 ΤΕΜ (ΑΤΟΜ.ΦΑΚ);Ακριβές (GTIN);;CRILEN WIPES;https://www.frezyderm.gr/proionta-gia-anakoufisi-prostasia-apo-tsimpimata-entomwn/enydatwsi/crilen-wipes-entomoapwthitiko/;CRILEN WIPES;13.1;INTIM AREA WIPES;-2.2;CRILEN ANTI-MOSQUITO PLUS SPRAY 20%;-3.8
5202888271144;FREZYDERM DE-MAKE UP 4 IN 1 200 ML;Αυτόματο (σίγουρο);29.6;DE-MAKE UP 4 in 1;https://www.frezyderm.gr/proionta-peripoiisis-prosopou/katharismos-proswpou/proionta-ntemakigiaz/galaktwma-ntemakigiaz/;DE-MAKE UP 4 in 1;29.6;VELVET COLORS LIGHT - Ματ Μake Up;-2.8;VELVET COLORS MEDIUM - Ματ Μake Up;-2.8
5202888271182;FREZYDERM Dermiox Cream 50ml;Χωρίς σελίδα;;;;BABY CREAM;-1.9;BABY CREAM;-1.9;FREZYFEET KERACTIVE CREAM;-1.9
5202888224379;FREZYDERM DERMOFILIA ADULTS DEO CREAM 40ML;Αυτόματο (σίγουρο);39.4;DERMOFILIA ADULTS DEO CREAM;https://www.frezyderm.gr/peripoiisi-somatos/aposmhtika-gia-paidia-enhlikes/adults-deo-cream-hybrid-deodorant-formula/;DERMOFILIA ADULTS DEO CREAM;39.4;DERMOFILIA BARRIER HAND CREAM;-0.2;COUGH SYRUP ADULTS;-5.7
5202888102417;FREZYDERM DERMOFILIA BASICS 75ML;Χωρίς σελίδα;;;;DERMOFILIA BARRIER HAND CREAM;0.8;DERMOFILIA ADULTS DEO CREAM;0.8;AC-NORM ACTIVE FOAM PLUS;-8.6
5202888102790;FREZYDERM DERMOFILIA HAND CREAM 75ML;Ακριβές (GTIN);;DERMOFILIA BARRIER HAND CREAM;https://www.frezyderm.gr/peripoiisi-somatos/kremes-xeriwn/dermofilia-hand-cream-krema-xeriwn/;DERMOFILIA BARRIER HAND CREAM;22.3;SPOT END HAND CREAM SPF 15;8.1;DERMOFILIA ADULTS DEO CREAM;4.1
5202888281075;FREZYDERM Diabeteeth Toothpaste 75ml;Ακριβές (GTIN);;DIABETEETH TOOTHPASTE;https://www.frezyderm.gr/proionta-gia-th-stomatikh-ygieinh/proionta-stomatikhs-ygieinhs-gia-enhlikes/proionta-stomatikhs-ygieinhs-kai-diabhths/proionta-stomatikhs-ygieinhs-gia-enhlikesproionta-stomatikhs-ygieinhs-kai-diabhths/;DIABETEETH TOOTHPASTE;14.9;SENSITEETH FIRST TOOTHPASTE;-0.7;SENSITEETH KIDS TOOTHPASTE 500ppm;-0.7
5202888271298;FREZYDERM DIAMOND VELVET A-WRINKLE 50ML;Ακριβές (GTIN);;DIAMOND VELVET ΑΝΤΙ-WRINKLE CREAM;https://www.frezyderm.gr/proionta-peripoiisis-prosopou/kremes-prosopou/antigirantikes-kremes/diamond-antighrantikh-krema-proswpou-gia-wrimo-derma/;DIAMOND VELVET ANTI-WRINKLE CREAM LUMINOUS GLOW;19.8;DIAMOND VELVET ANTI-WRINKLE CREAM GOLD OVERAGE;19.8;DIAMOND VELVET ΑΝΤΙ-WRINKLE CREAM;17.6
5202888271281;FREZYDERM Diamond Velvet Moisturizing Cream 50ml;Αυτόματο (σίγουρο);28.6;DIAMOND VELVET MOISTURIZING CREAM;https://www.frezyderm.gr/proionta-peripoiisis-prosopou/kremes-prosopou/enudatikes-kremes-prosopou/diamond-enudatikh-krema-proswpou-gia-wrimo-derma/;DIAMOND VELVET MOISTURIZING CREAM;28.6;DIAMOND VELVET ANTI-WRINKLE CREAM LUMINOUS GLOW;14.5;DIAMOND VELVET ANTI-WRINKLE CREAM GOLD OVERAGE;14.5
5202888106200;FREZYDERM DMANNOSA 14 sachets 4gr;Ακριβές (GTIN);;dMANNOSA;https://www.frezyderm.gr/sumplhrwmata-diatrofis/dmannosa-symplhrwma-diatrofhs-gia-to-ouropoihtiko-systhma/;dMANNOSA;2.1;DE-MAKE UP 4 in 1;-5.3;PRODILAC START;-5.3
5705675071168;FREZYDERM Ecovag Balance Κολπικά Υπόθετα για Αποκατάσταση της Κολπικής Χλωρίδας 10τμχ;Χωρίς σελίδα;;;;PS.T. FLAKES BALANCE CREAM STEP 3;-15.2;DE-MAKE UP 4 in 1;-15.9;PRODILAC START;-15.9
5202888105173;FREZYDERM EVERY DAY SHAMPOO 200ML;Ακριβές (GTIN);;EVERY DAY USE SHAMPOO;https://www.frezyderm.gr/peripoiisi-mallion/sampouan/kanonika-mallia/every-day-use-shampoo-sampouan-gia-kathhmerinh-xrhsh/;EVERY DAY USE SHAMPOO;45.6;SEB EXCESS SHAMPOO;-8.5;HAIR FORCE SHAMPOO MEN;-8.5
5202888271069;FREZYDERM EYE BALM 15 ML;Ακριβές (GTIN);;EYE BALM;https://www.frezyderm.gr/proionta-peripoiisis-prosopou/proionta-peripoihshs-matiwn/krema-gia-tis-sakoules-sta-matia/;EYE BALM;10.5;COLOR EYE BALM;10.5;AC-NORM LIP BALM SPF 15;6.7
5202888271175;FREZYDERM Facial Scrub 100ml;Χωρίς σελίδα;;;;SENSITIVE RED SKIN FACIAL CREAM;-8.5;DE-MAKE UP 4 in 1;-9.1;PRODILAC START;-9.1
5202888331572;FREZYDERM FERTI BOX OF 30 SACHETS OF 2,5;Χειροκίνητο;;FERTI;https://www.frezyderm.gr/sumplhrwmata-diatrofis/subliromata-diatrofis-gia-gunaikes-anaparagogikis-ilikias/ferti-sumplirwma-diatrofis-gia-tin-anaparagwgiki-hlikia-gynaikas/;FERTI;-1.9;SUN SCREEN VELVET FACE SPF 30;-4.6;SUN SCREEN COLOR VELVET FACE SPF 30;-4.6
5202888221200;FREZYDERM FIRST AID BUTTER 50ml;Αυτόματο (σίγουρο);32.1;FIRST AID BUTTER;https://www.frezyderm.gr/frontida-mwrou/brefika-kalluntika/first-aid-butter-krema-gia-mwlwpes/;FIRST AID BUTTER;32.1;DE-MAKE UP 4 in 1;-12.3;PRODILAC START;-12.3
5202888320072;FREZYDERM FREZYDERM Prodilac Immuno Shield Fast Melt 30τμχ;Αυτόματο (σίγουρο);61.3;PRODILAC IMMUNO SHIELD FAST MELT;https://www.frezyderm.gr/sumplhrwmata-diatrofis/symplhrwmata-diatrofhs-gia-to-anwtero-anapneystiko/prodilac-immuno-shield-fast-melt-symplhrwma/;PRODILAC IMMUNO SHIELD FAST MELT;61.3;PRODILAC IMMUNO SHIELD START;22.0;IMMUNO;-12.9
5202888102868;FREZYDERM Frezyfeet Diaped Cream 125ml;Ακριβές (GTIN);;FREZYFEET DIAPED CREAM;https://www.frezyderm.gr/peripoiisi-somatos/peripoihsh-podiwn/frezyfeet-diaped-cream-krema-podiwn-gia-diabhtikous/;FREZYFEET DIAPED CREAM;28.8;FREZYFEET KERACTIVE CREAM;3.1;FREZYFEET REVITAL CREAM;3.1
5202888102875;FREZYDERM Frezyfeet Heavy Legs Cream-Gel 125ml;Ακριβές (GTIN);;FREZYFEET HEAVY LEGS;https://www.frezyderm.gr/peripoiisi-somatos/peripoihsh-podiwn/frezyfeet-heavy-legs-krema-gia-prhsmena-podia/;FREZYFEET HEAVY LEGS;29.8;ABD REFORM SKIN TENSIONER CREAM GEL;-1.6;UP CONFIDENCE BUST RECOVERY CREAM GEL;-1.6
5202888102844;FREZYDERM Frezyfeet Keractive Cream 75ml;Ακριβές (GTIN);;FREZYFEET KERACTIVE CREAM;https://www.frezyderm.gr/peripoiisi-somatos/peripoihsh-podiwn/frezyfeet-keractive-cream-krema-apolepishs-podiwn/;FREZYFEET KERACTIVE CREAM;28.8;FREZYFEET REVITAL CREAM;3.1;FREZYFEET DIAPED CREAM;3.1
5202888102837;FREZYDERM Frezyfeet Odor Stop Spray Αποσμητικό Ποδιών 150ml;Ακριβές (GTIN);;FREZYFEET ODOR STOP SPRAY;https://www.frezyderm.gr/peripoiisi-somatos/peripoihsh-podiwn/frezyfeet-odor-stop-spray-aposmhtiko-podiwn/;FREZYFEET ODOR STOP SPRAY;41.6;ODOR BLOCKER SPRAY;-1.4;FREZYFEET HEAVY LEGS;-8.7
5202888102851;FREZYDERM Frezyfeet Revital Cream Κρέμα Ανάπλασης Ποδιών 75ml;Ακριβές (GTIN);;FREZYFEET REVITAL CREAM;https://www.frezyderm.gr/peripoiisi-somatos/peripoihsh-podiwn/frezyfeet-revital-cream-krema-anaplashs-podiwn/;FREZYFEET REVITAL CREAM;25.4;FREZYFEET KERACTIVE CREAM;-0.2;FREZYFEET DIAPED CREAM;-0.2
5202888261008;FREZYDERM FREZYKELD CREAM 40ML;Ακριβές (GTIN);;FREZYKELD CREAM;https://www.frezyderm.gr/proionta-peripoihshs-ekseidikeumenh-frontida/kremes-anaplashs/frezykeld-cream-anaplastikh-krema-gia-oules/;FREZYKELD CREAM;15.4;BABY CREAM;-1.9;BABY CREAM;-1.9
5202888261107;FREZYDERM Frezymar Baby Spray 100ml;Χωρίς σελίδα;;;;LICE REP EXTREME SPRAY;-2.6;FREZYFEET ODOR STOP SPRAY;-2.6;SUN SCREEN ANTI-SEB SPRAY SPF 30;-2.6
5202888106163;FREZYDERM FREZYMAR CL. HYPER. ALOE&EUCAL MEDIUM 120ML;Αυτόματο (σίγουρο);60.9;FREZYMAR CLEANER HYPERTONIC ALOE & EUCALYPTUS MEDIUM;https://www.frezyderm.gr/aposumforitika-mutis/rinika-sprei/frezymar-cleaner-medium-riniko-aposumforhtiko-/;FREZYMAR CLEANER HYPERTONIC ALOE & EUCALYPTUS MEDIUM;60.9;FREZYMAR CLEANER HYPERTONIC SOFT;14.1;FREZYMAR CLEANER HYPERTONIC STRONG;14.1
5202888106125;FREZYDERM FREZYMAR CLEANER B.HYPERTONIC SOFT 120ML;Αυτόματο (σίγουρο);35.8;FREZYMAR CLEANER HYPERTONIC SOFT;https://www.frezyderm.gr/aposumforitika-mutis/rinika-sprei/frezymar-cleaner-baby-riniko-aposumforhtiko-vrefous/;FREZYMAR CLEANER HYPERTONIC SOFT;35.8;FREZYMAR CLEANER HYPERTONIC ALOE & EUCALYPTUS MEDIUM;23.8;FREZYMAR CLEANER HYPERTONIC STRONG;23.8
5202888261114;FREZYDERM Frezymar Normal Spray 100ml;Χωρίς σελίδα;;;;LICE REP EXTREME SPRAY;-4.5;FREZYFEET ODOR STOP SPRAY;-4.5;SUN SCREEN ANTI-SEB SPRAY SPF 30;-4.5
5202888105111;FREZYDERM Hair Balance Shampoo 200ml;Χωρίς σελίδα;;;;HAIR FORCE SHAMPOO MEN;4.7;HAIR FORCE SHAMPOO WOMEN;4.7;SEB EXCESS SHAMPOO;-4.0
5202888105036;FREZYDERM HAIR FORCE LOTION EXTRA 100ML;Ακριβές (GTIN);;HAIR FORCE LOTION EXTRA;https://www.frezyderm.gr/peripoiisi-mallion/losion-mallion-se-morfh-sprei/losion-gia-trixoptwsh/hair-force-lotion-extra-losion-trixoptwshs/;HAIR FORCE LOTION EXTRA;42.4;HAIR FORCE SHAMPOO MEN;-0.5;HAIR FORCE SHAMPOO WOMEN;-0.5
5202888105043;FREZYDERM Hair Force Mask 200ml;Χωρίς σελίδα (χειροκίνητα);;;;HAIR FORCE SHAMPOO MEN;2.7;HAIR FORCE SHAMPOO WOMEN;2.7;HAIR FORCE LOTION EXTRA;2.7
5202888105029;FREZYDERM Hair Force Monodose Day/Night 14x10ml;Ακριβές (GTIN);;HAIR FORCE MONODOSES DAY / NIGHT;https://www.frezyderm.gr/peripoiisi-mallion/therapia-trixoptosis/losion/hair-force-monodoses-day-night-agwgh-kata-ths-trixoptwshs/;HAIR FORCE MONODOSES DAY / NIGHT;49.4;HAIR FORCE SHAMPOO MEN;-8.4;HAIR FORCE SHAMPOO WOMEN;-8.4
5202888105005;FREZYDERM HAIR FORCE SHAMPOO MEN 200ML;Ακριβές (GTIN);;HAIR FORCE SHAMPOO MEN;https://www.frezyderm.gr/peripoiisi-mallion/sampouan/sampouan-gia-trixoptwsh/hair-force-shampoo-men-sampouan-gia-thn-andrikh-trixoptwsh/;HAIR FORCE SHAMPOO MEN;42.3;HAIR FORCE SHAMPOO WOMEN;23.8;HAIR FORCE LOTION EXTRA;-0.6
5202888105012;FREZYDERM HAIR FORCE SHAMPOO WOMEN 200ML;Αυτόματο (σίγουρο);42.3;HAIR FORCE SHAMPOO WOMEN;https://www.frezyderm.gr/peripoiisi-mallion/sampouan/sampouan-gia-trixoptwsh/hair-force-shampoo-women-sampouan-gia-thn-gunaikeia-trixoptwsh/;HAIR FORCE SHAMPOO WOMEN;42.3;HAIR FORCE SHAMPOO MEN;23.8;HAIR FORCE LOTION EXTRA;-0.6
5202888331534;FREZYDERM HAIR FORCE TABS 60 tab(3*20t);Αυτόματο (σίγουρο);22.7;HAIR FORCE TABS;https://www.frezyderm.gr/peripoiisi-mallion/therapia-trixoptosis/ampoules-trixoptwshs/hair-force-tabs-gia-mallia-derma-nyxia/;HAIR FORCE TABS;22.7;HAIR FORCE SHAMPOO MEN;-1.6;HAIR FORCE SHAMPOO WOMEN;-1.6
5202888105210;FREZYDERM Hair Force Συμπλήρωμα Διατροφής 60caps;Αυτόματο (σίγουρο);15.0;HAIR FORCE TABS;https://www.frezyderm.gr/peripoiisi-mallion/therapia-trixoptosis/ampoules-trixoptwshs/hair-force-tabs-gia-mallia-derma-nyxia/;HAIR FORCE TABS;15.0;HAIR FORCE SHAMPOO MEN;5.0;HAIR FORCE SHAMPOO WOMEN;5.0
5202888105104;FREZYDERM Hair Implant Shampoo 150ml;Χωρίς σελίδα;;;;HAIR FORCE SHAMPOO MEN;4.7;HAIR FORCE SHAMPOO WOMEN;4.7;SEB EXCESS SHAMPOO;-4.0
5202888105197;FREZYDERM Hair Repair Conditioner 200ml;Χωρίς σελίδα;;;;AGE REPAIR SET;-2.2;DE-MAKE UP 4 in 1;-12.9;PRODILAC START;-12.9
9999991010956;FREZYDERM Hair Repair Mask 200ml;Χωρίς σελίδα;;;;AGE REPAIR SET;-2.2;AC-NORM PEEL-OFF MASK;-2.2;DE-MAKE UP 4 in 1;-12.9
5202888105180;FREZYDERM Hair Repair Shampoo 200ml;Χωρίς σελίδα;;;;HAIR FORCE SHAMPOO MEN;4.7;HAIR FORCE SHAMPOO WOMEN;4.7;AGE REPAIR SET;-0.9
5202888261213;FREZYDERM HOLISTIC ARNICA CREAM 100 ML;Χωρίς σελίδα;;;;PROPOLIS CREAM;0.7;CALENDULA CREAM;0.7;HYPERICUM CREAM;0.7
5202888261060;FREZYDERM HOLISTIC ARNICA CREAM 50ML;Χωρίς σελίδα;;;;PROPOLIS CREAM;0.7;CALENDULA CREAM;0.7;HYPERICUM CREAM;0.7
5202888261084;FREZYDERM Holistic Calendula Cream 50ml;Ακριβές (GTIN);;CALENDULA CREAM;https://www.frezyderm.gr/omoiopathitiki/proionta-olistikhs-frontidas/holistic-krema-kalentoula/;CALENDULA CREAM;15.8;PROPOLIS CREAM;0.7;HYPERICUM CREAM;0.7
5202888261077;FREZYDERM Holistic Hypericum Cream 50ml;Αυτόματο (σίγουρο);20.9;HYPERICUM CREAM;https://www.frezyderm.gr/omoiopathitiki/proionta-olistikhs-frontidas/holistic-hypericum-cream-krema/;HYPERICUM CREAM;20.9;PROPOLIS CREAM;0.7;CALENDULA CREAM;0.7
5202888226106;FREZYDERM Holistic Propolis Cream 50ml;Ακριβές (GTIN);;PROPOLIS CREAM;https://www.frezyderm.gr/omoiopathitiki/proionta-olistikhs-frontidas/holistic-krema-propolh/;PROPOLIS CREAM;15.2;CALENDULA CREAM;1.0;HYPERICUM CREAM;1.0
5202888273025;FREZYDERM HYALURONIC ACID BOOSTER CR5 ml;Χωρίς σελίδα (χειροκίνητα);;;;FACE SERUM HYALURONIC ACID - Ορός Ενυδάτωσης Προσώπου;0.7;BABY CREAM;-15.1;BABY CREAM;-15.1
5202888282089;FREZYDERM HYDRORAL XERO MOUTH SPR50ML;Αυτόματο (σίγουρο);18.3;HYDRORAL XERO SPRAY;https://www.frezyderm.gr/proionta-gia-th-stomatikh-ygieinh/proionta-stomatikhs-ygieinhs-gia-enhlikes/proionta-kata-ths-kshrostomias/hydroral-xero-spray-sprei-kata-tis-xirostomias/;HYDRORAL XERO SPRAY;18.3;HYDRORAL XERO TOOTHPASTE;1.4;HYDRORAL XERO MOUTHWASH;1.4
5202888282065;FREZYDERM Hydroral Xero Mouthwash 250ml;Αυτόματο (σίγουρο);30.4;HYDRORAL XERO MOUTHWASH;https://www.frezyderm.gr/proionta-gia-th-stomatikh-ygieinh/proionta-stomatikhs-ygieinhs-gia-enhlikes/proionta-kata-ths-kshrostomias/hydroral-xero-mouthwash-stomatiko-dialuma-kata-tis-xirostomias/;HYDRORAL XERO MOUTHWASH;30.4;HYDRORAL XERO TOOTHPASTE;5.8;HYDRORAL XERO SPRAY;5.8
5202888281099;FREZYDERM Hydroral Xero Toothpaste 75ml;Αυτόματο (σίγουρο);29.7;HYDRORAL XERO TOOTHPASTE;https://www.frezyderm.gr/proionta-gia-th-stomatikh-ygieinh/proionta-stomatikhs-ygieinhs-gia-enhlikes/proionta-kata-ths-kshrostomias/hydroral-xero-toothpaste-odontokrema-kata-tis-xirostomias/;HYDRORAL XERO TOOTHPASTE;29.7;HYDRORAL XERO MOUTHWASH;6.0;HYDRORAL XERO SPRAY;6.0
5202888271380;FREZYDERM ICE EYES FROZEN STICK 18 ML;Αυτόματο (σίγουρο);18.0;ICE EYES STICK;https://www.frezyderm.gr/proionta-peripoiisis-prosopou/proionta-peripoihshs-matiwn/antirutidiko-tzel-pagou-matiwn/;ICE EYES STICK;18.0;GLASSCLEAR STICK SPF 50;-9.5;SUNSCREEN STICK EXTREME SPORT SPF 50;-9.5
5202888222474;FREZYDERM ICY  AFTER SUN  200ML;Χωρίς σελίδα (χειροκίνητα);;;;ACTIVE SUN SCREEN SENSITIVE FACE - BODY SPF 50;6.6;SUN SCREEN VELVET BODY LOTION SPF 50+;-4.1;ACTIVE SUN SCREEN BODY FOUNDATION SPF 30;-4.1
5202888223143;FREZYDERM IINTIM ΞΥΔΙ VAG.DOUCHE pH3.5 150ml;Χειροκίνητο;;INTIM VAGINAL DOUCHE MONODOSE ΞΥΔΙ pH 3.5;https://www.frezyderm.gr/peripoihsh-euaisthhths-perioxhs/endokolpikos-katharismos/intim-ksudi-ph-3-5-endokolpiko-katharistiko/;INTIM VAGINAL DOUCHE MONODOSE ΞΥΔΙ pH 3.5;17.4;INTIM VAGINAL DOUCHE MONODOSE ΧΑΜΟΜΗΛΙ pH 4.5;6.7;INTIM VAGINAL DOUCHE MONODOSE ΥΑΛΟΥΡΟΝΙΚΟ ΟΞΥ pH 7.0;-0.2
5202888331558;FREZYDERM IMMUNO (30caps*10);Χωρίς σελίδα;;;;PRODILAC IMMUNO SHIELD START;1.7;PRODILAC IMMUNO SHIELD FAST MELT;1.7;IMMUNO;1.7
5202888271212;FREZYDERM INFANT SUN CARE SPF 50+ 100ml;Ακριβές (GTIN);;INFANT SUN CARE SPF 50+;https://www.frezyderm.gr/frontida-mwrou/brefika-antiliaka/infant-sun-care-spf-50-brefiko-antiliako/;INFANT SUN CARE SPF 50+;41.5;BABY SUN CARE SPF 50;24.8;KIDS SUN CARE SPF 50+ WET SKIN SPRAY;24.8
5202888271205;FREZYDERM INSTANT LIFTING SERUM 15ML;Χωρίς σελίδα;;;;INSTANT WHITENING BLUE MOUTHFOAM;-2.2;AC-NORM AQUATIC SERUM;-4.4;FACE SERUM HYALURONIC ACID - Ορός Ενυδάτωσης Προσώπου;-4.4
5202888223167;FREZYDERM INTIM AID CLEANSER 200ML;Ακριβές (GTIN);;INTIM AID CLEANSER;https://www.frezyderm.gr/peripoihsh-euaisthhths-perioxhs/katharismos/intim-aid-cleanser-katharistiko-euaisthhths-perioxhs/;INTIM AID CLEANSER;27.3;INTIM AID VINEGAR FOAM;1.3;INTIM AID SODA FOAM;1.3
5202888223198;FREZYDERM INTIM AID CLEANSER PH5,0 200ML;Αυτόματο (σίγουρο);13.5;INTIM AID CLEANSER;https://www.frezyderm.gr/peripoihsh-euaisthhths-perioxhs/katharismos/intim-aid-cleanser-katharistiko-euaisthhths-perioxhs/;INTIM AID CLEANSER;13.5;INTIM AID CRANBERRY FOAM;2.1;INTIM AID VINEGAR FOAM;-7.0
5202888223235;FREZYDERM INTIM AID CRANBERRY FOAM PH5,0 100ML;Αυτόματο (σίγουρο);42.3;INTIM AID CRANBERRY FOAM;https://www.frezyderm.gr/peripoihsh-euaisthhths-perioxhs/katharismos/intim-aid-cranberry-foam-afros-katharismou-gia-euaisthiti-periohi-ph5/;INTIM AID CRANBERRY FOAM;42.3;INTIM AID VINEGAR FOAM;6.6;INTIM AID SODA FOAM;6.6
5202888223211;FREZYDERM INTIM AID SODA FOAM PH 9,0 100ML;Αυτόματο (σίγουρο);37.7;INTIM AID SODA FOAM;https://www.frezyderm.gr/peripoihsh-euaisthhths-perioxhs/katharismos/intim-aid-soda-foam-afros-katharismou-ph-90-/;INTIM AID SODA FOAM;37.7;INTIM AID VINEGAR FOAM;5.0;INTIM AID PRE POST SEX FOAM;5.0
5202888100093;FREZYDERM INTIM AREA 150ML;Αυτόματο (σίγουρο);15.5;INTIM AREA MENOPAUSE FOAM;https://www.frezyderm.gr/peripoihsh-euaisthhths-perioxhs/katharismos/intim-area-menopause-foam-afros-katharismou-ph-70-/;INTIM AREA MENOPAUSE FOAM;15.5;INTIM AREA LIQUID;15.5;INTIM AREA WIPES;15.5
5202888223174;FREZYDERM INTIM AREA FOAM PH 4,0 200ML;Αυτόματο (σίγουρο);14.1;INTIM AREA MENOPAUSE FOAM;https://www.frezyderm.gr/peripoihsh-euaisthhths-perioxhs/katharismos/intim-area-menopause-foam-afros-katharismou-ph-70-/;INTIM AREA MENOPAUSE FOAM;14.1;INTIM AREA FOAM;11.0;INTIM AREA LIQUID;0.9
5202888227110;FREZYDERM INTIM AREA LIQUID 200ml;Αυτόματο (σίγουρο);27.9;INTIM AREA LIQUID;https://www.frezyderm.gr/peripoihsh-euaisthhths-perioxhs/katharismos/intim-area-liquid-katharistiko-euaisthhths-perioxhs/;INTIM AREA LIQUID;27.9;INTIM AREA MENOPAUSE FOAM;11.8;INTIM AREA WIPES;11.8
5202888223181;FREZYDERM INTIM AREA LIQUID PH 4,0 200ML;Αυτόματο (σίγουρο);16.6;INTIM AREA LIQUID;https://www.frezyderm.gr/peripoihsh-euaisthhths-perioxhs/katharismos/intim-area-liquid-katharistiko-euaisthhths-perioxhs/;INTIM AREA LIQUID;16.6;INTIM AREA MENOPAUSE FOAM;6.0;INTIM VAGINAL DOUCHE MONODOSE ΧΑΜΟΜΗΛΙ pH 4.5;2.8
5202888227141;FREZYDERM Intim Area Wipes 20τμχ;Αυτόματο (σίγουρο);28.0;INTIM AREA WIPES;https://www.frezyderm.gr/peripoihsh-euaisthhths-perioxhs/katharismos/intim-area-wipes-manthlakia-katharismou/;INTIM AREA WIPES;28.0;INTIM AREA LIQUID;10.1;INTIM AREA MENOPAUSE FOAM;0.1
5202888223129;FREZYDERM INTIM ΣΟΔΑ VAG.DOUCHE pH9 150ml;Αυτόματο (σίγουρο);20.6;INTIM VAGINAL DOUCHE MONODOSE ΣΟΔΑ pH 9;https://www.frezyderm.gr/peripoihsh-euaisthhths-perioxhs/endokolpikos-katharismos/intim-soda-ph-9-endokolpiko-katharistiko/;INTIM VAGINAL DOUCHE MONODOSE ΣΟΔΑ pH 9;20.6;INTIM VAGINAL DOUCHE MONODOSE ΥΑΛΟΥΡΟΝΙΚΟ ΟΞΥ pH 7.0;12.4;INTIM VAGINAL DOUCHE MONODOSE ΧΑΜΟΜΗΛΙ pH 4.5;9.9
5202888223136;FREZYDERM INTIM ΧΑΜΟΜΗΛΙ VAG.DOUCHE pH4.5 150ml;Αυτόματο (σίγουρο);26.0;INTIM VAGINAL DOUCHE MONODOSE ΧΑΜΟΜΗΛΙ pH 4.5;https://www.frezyderm.gr/peripoihsh-euaisthhths-perioxhs/endokolpikos-katharismos/intim-xamomhli-ph-4-5-endokolpiko-katharistiko/;INTIM VAGINAL DOUCHE MONODOSE ΧΑΜΟΜΗΛΙ pH 4.5;26.0;INTIM VAGINAL DOUCHE MONODOSE ΞΥΔΙ pH 3.5;15.3;INTIM VAGINAL DOUCHE MONODOSE ΥΑΛΟΥΡΟΝΙΚΟ ΟΞΥ pH 7.0;8.4
5202888102189;FREZYDERM Intim-Aid Cleanser 125ml;Αυτόματο (σίγουρο);27.3;INTIM AID CLEANSER;https://www.frezyderm.gr/peripoihsh-euaisthhths-perioxhs/katharismos/intim-aid-cleanser-katharistiko-euaisthhths-perioxhs/;INTIM AID CLEANSER;27.3;INTIM AID VINEGAR FOAM;1.3;INTIM AID SODA FOAM;1.3
5202888106194;FREZYDERM INTIMEO 14capsule;Χειροκίνητο;;INTIMEO®;https://www.frezyderm.gr/sumplhrwmata-diatrofis/symplirwmata-diatrofhs-gia-tin-kolpikh-xlwrida/intimeo-symplhrwma-diatrofhs-gia-thn-kolpikh-xlwrida/;INTIMEO®;6.1;AC-NORM ACTIVE FOAM PLUS;-4.6;SKIN CLEANSER;-4.6
5202888222450;FREZYDERM KIDS S.CARE CR SPRAY SPF50+275ML;Αυτόματο (σίγουρο);41.4;KIDS SUN CARE CREAM SPRAY SPF 50+;https://www.frezyderm.gr/adiliaka/paidika-adiliaka/kids-sun-care-cream-spray-spf-50-paidiko-anthliako/;KIDS SUN CARE CREAM SPRAY SPF 50+;41.4;KIDS SUN CARE SPF 50+ WET SKIN SPRAY;26.5;ACTIVE SUN SCREEN CREAM SPRAY SPF 50+;11.8
5202888230165;FREZYDERM KID'S SENSITIVE DEODORANT  40ML;Χειροκίνητο;;SENSITIVE KIDS DEODORANT CREAM;https://www.frezyderm.gr/peripoiisi-somatos/aposmhtika-gia-paidia-enhlikes/sensitive-kids-deodorant-cream-aposmhtiko-gia-paidia/;SENSITIVE KIDS DEODORANT CREAM;5.3;SENSITIVE KIDS SHOWER BATH;-4.7;ACTIVE SUN SCREEN SENSITIVE FACE - BODY SPF 50;-4.7
5202888222269;FREZYDERM Kids Sun + Nip SPF 50+  150ml;Αυτόματο (σίγουρο);18.6;KIDS SUN CARE SPF 50+ WET SKIN SPRAY;https://www.frezyderm.gr/proionta-paidikhs-peripoihshs/paidika-anthliaka/kids-sun-care-spf-50-paidiko-anthliako-sprei/;KIDS SUN CARE SPF 50+ WET SKIN SPRAY;18.6;KIDS SUN CARE CREAM SPRAY SPF 50+;18.6;KIDS SUNSCREEN STICK SPF 50;7.6
5202888222429;FREZYDERM Kids Sun Care Lotion SPF 50+  175ml;Αυτόματο (σίγουρο);19.2;KIDS SUN CARE SPF 50+ WET SKIN SPRAY;https://www.frezyderm.gr/proionta-paidikhs-peripoihshs/paidika-anthliaka/kids-sun-care-spf-50-paidiko-anthliako-sprei/;KIDS SUN CARE SPF 50+ WET SKIN SPRAY;19.2;KIDS SUN CARE CREAM SPRAY SPF 50+;19.2;INFANT SUN CARE SPF 50+;17.3
1111111021194;FREZYDERM Kids Sun Care Lotion SPF 50+ 150ml;Αυτόματο (σίγουρο);19.2;KIDS SUN CARE SPF 50+ WET SKIN SPRAY;https://www.frezyderm.gr/proionta-paidikhs-peripoihshs/paidika-anthliaka/kids-sun-care-spf-50-paidiko-anthliako-sprei/;KIDS SUN CARE SPF 50+ WET SKIN SPRAY;19.2;KIDS SUN CARE CREAM SPRAY SPF 50+;19.2;INFANT SUN CARE SPF 50+;17.3
5202888222436;FREZYDERM KID'S SUN NIP SPF50+ 175ml;Αυτόματο (για έλεγχο);14.0;SUN SCREEN VELVET BODY LOTION SPF 50+;https://www.frezyderm.gr/adiliaka/adiliaka-somatos/antiliako-swmatos-velvet/;SUN SCREEN VELVET BODY LOTION SPF 50+;14.0;KIDS SUN CARE SPF 50+ WET SKIN SPRAY;5.0;KIDS SUN CARE CREAM SPRAY SPF 50+;5.0
5202888221996;FREZYDERM Lice Free Set Shampoo & Lotion 2 x 125 ml;Αυτόματο (σίγουρο);22.3;LICE FREE SET;https://www.frezyderm.gr/proionta-paidikhs-peripoihshs/antiftheirika-gia-paidia/proionta-gia-pseires-lice-free-set/;LICE FREE SET;22.3;AGE REPAIR SET;-13.8;VOMI FREE;-14.3
5202888224270;FREZYDERM Lice Rep Extreme Spray Lotion 150ml;Ακριβές (GTIN);;LICE REP EXTREME SPRAY;https://www.frezyderm.gr/proionta-paidikhs-peripoihshs/antiftheirika-gia-paidia/lice-rep-lotion-gia-pseires/;LICE REP EXTREME SPRAY;42.7;LICE FREE SET;-9.5;SUN SCREEN VELVET BODY LOTION SPF 50+;-11.0
5202888224904;FREZYDERM LICE REP SET;Αυτόματο (σίγουρο);16.4;LICE REP EXTREME SPRAY;https://www.frezyderm.gr/proionta-paidikhs-peripoihshs/antiftheirika-gia-paidia/lice-rep-lotion-gia-pseires/;LICE REP EXTREME SPRAY;16.4;LICE FREE SET;6.8;AGE REPAIR SET;-3.2
5202888111006;FREZYDERM MACROGOL 3350 ADULTS 20*10gr;Αυτόματο (για έλεγχο);11.8;MACROGOL ADULTS 3350;https://www.frezyderm.gr/sumptwmatikh-therapeia-duskoiliotitas/macrogol-adults-3350-skoni-gia-duskoiliotita/;MACROGOL ADULTS 3350;11.8;MACROGOL KIDS 3350;3.1;CRILEN ANTI-MOSQUITO PLUS SPRAY 20%;-6.2
5202888111013;FREZYDERM MACROGOL 3350 KIDS 20*4gr;Αυτόματο (για έλεγχο);10.6;MACROGOL KIDS 3350;https://www.frezyderm.gr/sumptwmatikh-therapeia-duskoiliotitas/macrogol-kids-3350-skoni-gia-duskoiliotita-se-paidia/;MACROGOL KIDS 3350;10.6;MACROGOL ADULTS 3350;4.0;CRILEN ANTI-MOSQUITO PLUS SPRAY 20%;-5.3
5202888271229;FREZYDERM Matte Effect Cream 50ml;Χωρίς σελίδα (χειροκίνητα);;;;AC-NORM MEDILIKE EFFECT 1 CREAM;3.3;AC-NORM MEDILIKE EFFECT 2 CREAM;3.3;AC-NORM MEDILIKE EFFECT 3 CREAM;3.3
5202888105074;FREZYDERM Mediated Cream-Gel 50ml;Χωρίς σελίδα (χειροκίνητα);;;;ABD REFORM SKIN TENSIONER CREAM GEL;6.7;UP CONFIDENCE BUST RECOVERY CREAM GEL;6.7;NIPPLE EMOLLIENT CREAM-GEL;5.1
5202888105067;FREZYDERM MEDIATED SH.DRY DANDR.200ML;Ακριβές (GTIN);;MEDIATED SHAMPOO;https://www.frezyderm.gr/peripoiisi-mallion/sampouan/sampouan-gia-thn-piturida/mediated-shampoo-gia-kshrh-piturida/;MEDIATED SHAMPOO;9.4;SEB EXCESS SHAMPOO;-9.1;EVERY DAY USE SHAMPOO;-9.1
5202888271304;FREZYDERM Micellar Water 200ml;Αυτόματο (σίγουρο);17.2;AC-NORM MICELLAR WATER;https://www.frezyderm.gr/proionta-peripoiisis-prosopou/proionta-katharismou-liparou-dermatos-me-tash-akmhs/ac-norm-micellar-water-calming-lotion/;AC-NORM MICELLAR WATER;17.2;MICELLAR WATER;17.2;AC-NORM PEEL-OFF MASK;7.1
5202888100123;FREZYDERM MILD WASH  150ML;Αυτόματο (σίγουρο);25.9;MILD WASH FOAM;https://www.frezyderm.gr/proionta-peripoiisis-prosopou/katharismos-proswpou/katharistika-prosopou/apalos-afros-katharismou/;MILD WASH FOAM;25.9;MILD WASH LIQUID;13.4;AC-NORM ACTIVE WASH;-2.2
5202888223150;FREZYDERM MILD WASH LIQUID 200 ml;Αυτόματο (σίγουρο);22.3;MILD WASH LIQUID;https://www.frezyderm.gr/proionta-peripoiisis-prosopou/katharismos-proswpou/katharistika-prosopou/apalo-katharistiko-prosopou/;MILD WASH LIQUID;22.3;MILD WASH FOAM;8.3;AC-NORM ACTIVE WASH;-7.2
5202888271007;FREZYDERM MOISTURIZING 24H 20+ 50 ML;Αυτόματο (σίγουρο);18.8;MOISTURIZING 24H CREAM;https://www.frezyderm.gr/proionta-peripoiisis-prosopou/kremes-prosopou/enudatikes-kremes-prosopou/enudatiki-krema-prosopou/;MOISTURIZING 24H CREAM;18.8;MOISTURIZING PLUS CREAM;-1.7;MOISTURIZING RICH CREAM;-1.7
5202888271014;FREZYDERM MOISTURIZING PLUS 30+ 50 ML;Αυτόματο (σίγουρο);16.0;MOISTURIZING PLUS CREAM;https://www.frezyderm.gr/proionta-peripoiisis-prosopou/kremes-prosopou/enudatikes-kremes-prosopou/enudatiki-krema-prosopou-kai-laimou/;MOISTURIZING PLUS CREAM;16.0;MOISTURIZING 24H CREAM;0.9;MOISTURIZING RICH CREAM;0.9
5202888271021;FREZYDERM Moisturizing Rich Cream 50ml;Αυτόματο (σίγουρο);20.8;MOISTURIZING RICH CREAM;https://www.frezyderm.gr/proionta-peripoiisis-prosopou/kremes-prosopou/enudatikes-kremes-prosopou/enudatiki-krema-gia-ksiro-derma/;MOISTURIZING RICH CREAM;20.8;ANTI-WRINKLE RICH DAY CREAM;4.0;ANTI-WRINKLE RICH NIGHT CREAM;4.0
5202888282027;FREZYDERM MOUTHWASH GINGIVITIS 250ML;Ακριβές (GTIN);;GINGIVITAL MOUTHWASH;https://www.frezyderm.gr/proionta-gia-th-stomatikh-ygieinh/proionta-stomatikhs-ygieinhs-gia-enhlikes/prostasia-apo-thn-oulitida/gingivital-mouthwash-stomatiko-dialyma/;GINGIVITAL MOUTHWASH;17.4;SENSITEETH KIDS MOUTHWASH;-0.0;PLAQUE & TARTAR MOUTHWASH;-0.0
5202888283017;FREZYDERM Mouthwash Homeopathy 250ml;Ακριβές (GTIN);;HOMEOPATHY MOUTHWASH;https://www.frezyderm.gr/proionta-gia-th-stomatikh-ygieinh/proionta-stomatikhs-ygieinhs-gia-enhlikes/proionta-stomatikhs-ygieinhs-kai-omoiopathhtikh/homeopathy-mouthwash-stomatiko-dialuma-sumbato-me-omoiopathitiki-agwgi/;HOMEOPATHY MOUTHWASH;9.9;SENSITEETH KIDS MOUTHWASH;-0.0;PLAQUE & TARTAR MOUTHWASH;-0.0
5202888282102;FREZYDERM MOUTHWASH OXYGEN PRO 250ML;Αυτόματο (σίγουρο);15.0;OXYGEΝ PRO MOUTHWASH;https://www.frezyderm.gr/proionta-gia-th-stomatikh-ygieinh/proionta-stomatikhs-ygieinhs-gia-enhlikes/oxygen-pro-mouthwash-stomatiko-dialyma/;OXYGEΝ PRO MOUTHWASH;15.0;CHLORHEXENE PRO MOUTHWASH;6.2;BLACK & POLISH OXYGEN MOUTHWASH;5.0
5202888282010;FREZYDERM MOUTHWASH PERIODONTITIS 250ML;Ακριβές (GTIN);;PERIODIGUM MOUTHWASH;https://www.frezyderm.gr/proionta-gia-th-stomatikh-ygieinh/proionta-stomatikhs-ygieinhs-gia-enhlikes/prostasia-apo-thn-periodontitida/periodigum-mouthwash-stomatiko-dialyma/;PERIODIGUM MOUTHWASH;16.9;SENSITEETH KIDS MOUTHWASH;0.2;PLAQUE & TARTAR MOUTHWASH;0.2
5202888282003;FREZYDERM MOUTHWASH SENITIVE TEETH 250ML;Ακριβές (GTIN);;SENSITIVE TEETH MOUTHWASH;https://www.frezyderm.gr/proionta-gia-th-stomatikh-ygieinh/proionta-stomatikhs-ygieinhs-gia-enhlikes/proionta-stomatikhs-ygieinhs-gia-eyaisthhta-dontia/proionta-stomatikhs-ygieinhs-gia-eyaisthhta-dontiasensitive-teeth-mouthwash-stomatiko-dialuma-gia-euaisthita-dontia/;SENSITIVE TEETH MOUTHWASH;5.3;SENSITEETH KIDS MOUTHWASH;-4.6;PLAQUE & TARTAR MOUTHWASH;-4.6
5202888261046;FREZYDERM NASAL OINTMENT  15ML;Χωρίς σελίδα;;;;NIPPLE AID OINTMENT;0.8;ANTICORT OINTMENT;0.8;RECTANAL AID OINTMENT;0.8
5202888261176;FREZYDERM Nazal Cleaner Allergy 30ml;Αυτόματο (σίγουρο);29.7;NAZAL CLEANER ALLERGY (0,9% NaCl);https://www.frezyderm.gr/aposumforitika-mutis/rinika-eknefwmata/nazal-cleaner-allergy-riniko-sprei-gia-allergikh-rinitida/;NAZAL CLEANER ALLERGY (0,9% NaCl);29.7;NAZAL CLEANER COLD (2,2% NaCl);11.2;NAZAL CLEANER MOIST (0,9% NaCl);11.2
5202888106170;FREZYDERM NAZAL CLEANER BABY ISOTONIC 30ML;Αυτόματο (σίγουρο);14.9;NAZAL CLEANER ΙSOTONIC;https://www.frezyderm.gr/aposumforitika-mutis/rinika-eknefwmata/nazal-cleaner-baby-riniko-dialyma-gia-brefh/;NAZAL CLEANER ΙSOTONIC;14.9;FREZYMAR CLEANER ISOTONIC ALOE SOFT;10.5;NAZAL CLEANER COLD (2,2% NaCl);8.5
5202888261152;FREZYDERM NAZAL CLEANER COLD 30ML;Αυτόματο (σίγουρο);29.0;NAZAL CLEANER COLD (2,2% NaCl);https://www.frezyderm.gr/aposumforitika-mutis/rinika-eknefwmata/nazal-cleaner-cold-riniko-sprei-xwris-kortizonh/;NAZAL CLEANER COLD (2,2% NaCl);29.0;NAZAL CLEANER COLD SPICY (2,2% NaCl);29.0;NAZAL CLEANER MOIST (0,9% NaCl);11.5
5202888261190;FREZYDERM Nazal Cleaner Cold Spicy 30ml;Αυτόματο (σίγουρο);43.9;NAZAL CLEANER COLD SPICY (2,2% NaCl);https://www.frezyderm.gr/aposumforitika-mutis/rinika-eknefwmata/nazal-cleaner-cold-spicy-riniko-sprei-gia-entono-kruologhma/;NAZAL CLEANER COLD SPICY (2,2% NaCl);43.9;NAZAL CLEANER COLD (2,2% NaCl);24.4;NAZAL CLEANER MOIST (0,9% NaCl);6.9
5202888261169;FREZYDERM Nazal Cleaner Homeo 30ml;Αυτόματο (σίγουρο);29.7;NAZAL CLEANER HOMEO (2,2% NaCl);https://www.frezyderm.gr/aposumforitika-mutis/rinika-eknefwmata/nazal-cleaner-homeo-riniko-sprei-gia-omoiopathhtikh-therapeia/;NAZAL CLEANER HOMEO (2,2% NaCl);29.7;NAZAL CLEANER COLD (2,2% NaCl);11.2;NAZAL CLEANER MOIST (0,9% NaCl);11.2
5202888261183;FREZYDERM NAZAL CLEANER MOIST 30ML;Αυτόματο (σίγουρο);27.3;NAZAL CLEANER MOIST (0,9% NaCl);https://www.frezyderm.gr/aposumforitika-mutis/rinika-eknefwmata/nazal-cleaner-moist-riniko-sprei-gia-kshrothta/;NAZAL CLEANER MOIST (0,9% NaCl);27.3;NAZAL CLEANER COLD (2,2% NaCl);12.3;NAZAL CLEANER ALLERGY (0,9% NaCl);12.3
5202888261145;FREZYDERM Nazal Cleaner Sinus Protect 30ml;Αυτόματο (σίγουρο);44.9;NAZAL CLEANER SINUS PROTECT (0,9% NaCl);https://www.frezyderm.gr/aposumforitika-mutis/rinika-eknefwmata/nazal-cleaner-sinus-protect-riniko-sprei-gia-igmoritida/;NAZAL CLEANER SINUS PROTECT (0,9% NaCl);44.9;NAZAL CLEANER COLD (2,2% NaCl);6.6;NAZAL CLEANER MOIST (0,9% NaCl);6.6
5202888271151;FREZYDERM Night Force A + E Cream 50ml;Αυτόματο (σίγουρο);21.0;NIGHT FORCE A + E CREAM;https://www.frezyderm.gr/proionta-peripoiisis-prosopou/kremes-prosopou/antigirantikes-kremes/antigiradiki-krema-nuxtas/;NIGHT FORCE A + E CREAM;21.0;ANTI-WRINKLE RICH NIGHT CREAM;3.9;SPOT END NIGHT CREAM;3.9
5202888102141;FREZYDERM NIPPLE CARE EMOLLIENT CREAM 40ML;Αυτόματο (σίγουρο);21.9;NIPPLE EMOLLIENT CREAM-GEL;https://www.frezyderm.gr/proionta-egkumosunhs/kremes-gia-thiles/nipple-care-malaktikh-krema-gia-thhles/;NIPPLE EMOLLIENT CREAM-GEL;21.9;KIDS SUN CARE CREAM SPRAY SPF 50+;-1.4;ATOPREL EMOLLIENT BAUME;-4.2
5202888227165;FREZYDERM Nipple Care Restructuring Cream-Gel 40ml;Αυτόματο (σίγουρο);15.2;NIPPLE EMOLLIENT CREAM-GEL;https://www.frezyderm.gr/proionta-egkumosunhs/kremes-gia-thiles/nipple-care-malaktikh-krema-gia-thhles/;NIPPLE EMOLLIENT CREAM-GEL;15.2;ABD REFORM SKIN TENSIONER CREAM GEL;-0.6;UP CONFIDENCE BUST RECOVERY CREAM GEL;-0.6
5202888282096;FREZYDERM ODOR BLOCKER MOUTH SPR 50ML;Αυτόματο (σίγουρο);17.9;ODOR BLOCKER SPRAY;https://www.frezyderm.gr/proionta-gia-th-stomatikh-ygieinh/proionta-stomatikhs-ygieinhs-gia-enhlikes/kakosmia-stomatos/odor-blocker-spray-sprei-gia-tin-kakosmia-tou-stomatos/;ODOR BLOCKER SPRAY;17.9;ODOR BLOCKER TOOTHPASTE;1.0;ODOR BLOCKER MOUTHWASH;1.0
5202888282072;FREZYDERM Odor Blocker Mouthwash 250ml;Αυτόματο (σίγουρο);30.0;ODOR BLOCKER MOUTHWASH;https://www.frezyderm.gr/proionta-gia-th-stomatikh-ygieinh/proionta-stomatikhs-ygieinhs-gia-enhlikes/kakosmia-stomatos/odor-blocker-mouthwash-stomatiko-dialuma-gia-tin-kakosmia-tou-stomatos/;ODOR BLOCKER MOUTHWASH;30.0;ODOR BLOCKER TOOTHPASTE;5.4;ODOR BLOCKER SPRAY;5.4
5202888109355;FREZYDERM ORGANIC CHAMOMILE 15GR;Χωρίς σελίδα;;;;BABY CHAMOMILE BATH;2.2;ORGANIC COOKIES CACAO;0.6;ORGANIC COOKIES COCONUT;0.6
5202888009075;FREZYDERM Organic Fennel 60gr;Χωρίς σελίδα;;;;ORGANIC COOKIES CACAO;0.6;ORGANIC COOKIES COCONUT;0.6;ORGANIC CHIPS MEDITERRANEAN HUMMUS;0.6
5202888282034;FREZYDERM Plaque & Tartar Mouthwash 250ml;Ακριβές (GTIN);;PLAQUE & TARTAR MOUTHWASH;https://www.frezyderm.gr/proionta-gia-th-stomatikh-ygieinh/proionta-stomatikhs-ygieinhs-gia-enhlikes/prostasia-apo-thn-terhdona/plaque-tartar-mouthwash-stomatiko-dialuma-gia-tin-teridona/;PLAQUE & TARTAR MOUTHWASH;31.6;PLAQUE & TARTAR TOOTHPASTE;6.8;SENSITEETH KIDS MOUTHWASH;-4.3
5202888331596;FREZYDERM PRELACTIC OVULES CE 10OLUVES;Χωρίς σελίδα;;;;BABY SUN CARE SPF 25;-9.6;INFANT SUN CARE SPF 50+;-9.6;AC-NORM SPOT CARE;-9.6
5202888102899;FREZYDERM PRELACTIC VAGINAL CREAM 50ML;Αυτόματο (για έλεγχο);9.6;PRELACTIC GEL;https://www.frezyderm.gr/omoiopathitiki/euaisthhth-perioxh/prelactic-gel-apokatastash-kolpou-sthn-emmhnopaush/;PRELACTIC GEL;9.6;SELF CARE GEL INTIM LUBRICANT CARE;4.6;AQUA CARE GEL;4.6
5202888102110;FREZYDERM PREVENSTRIA CREAM 150ML;Αυτόματο (για έλεγχο);11.0;PREVENSTRIA PROTECTIVE ANTI-STRIA CREAM;https://www.frezyderm.gr/proionta-egkumosunhs/kremes-gia-ragades-egkumosunhs/prevenstria-cream-prolhptikh-krema-gia-ragades/;PREVENSTRIA PROTECTIVE ANTI-STRIA CREAM;11.0;BABY CREAM;-1.9;BABY CREAM;-1.9
5202888223259;FREZYDERM PREVENSTRIA PROTECTIVE CREAM 200 ML;Αυτόματο (σίγουρο);16.4;PREVENSTRIA PROTECTIVE ANTI-STRIA CREAM;https://www.frezyderm.gr/proionta-egkumosunhs/kremes-gia-ragades-egkumosunhs/prevenstria-cream-prolhptikh-krema-gia-ragades/;PREVENSTRIA PROTECTIVE ANTI-STRIA CREAM;16.4;BABY CREAM;-11.0;BABY CREAM;-11.0
5202888105500;FREZYDERM Prodilac Ease 10τμχ;Χωρίς σελίδα;;;;PRODILAC START;-0.7;PRODILAC RESTORE;-0.7;PRODILAC IMMUNO SHIELD START;-0.7
5202888320101;FREZYDERM PRODILAC EASE 30 STICKS;Χωρίς σελίδα;;;;PRODILAC START;-3.0;PRODILAC RESTORE;-3.0;PRODILAC IMMUNO SHIELD START;-3.0
5202888320125;FREZYDERM PRODILAC IMMUNO SHIELD FAST MELT 30ST;Αυτόματο (σίγουρο);57.9;PRODILAC IMMUNO SHIELD FAST MELT;https://www.frezyderm.gr/sumplhrwmata-diatrofis/symplhrwmata-diatrofhs-gia-to-anwtero-anapneystiko/prodilac-immuno-shield-fast-melt-symplhrwma/;PRODILAC IMMUNO SHIELD FAST MELT;57.9;PRODILAC IMMUNO SHIELD START;18.5;IMMUNO;-16.3
5202888320088;FREZYDERM Prodilac Immuno Shield Start 10τμχ;Αυτόματο (σίγουρο);45.3;PRODILAC IMMUNO SHIELD START;https://www.frezyderm.gr/sumplhrwmata-diatrofis/symplhrwmata-diatrofhs-gia-to-anwtero-anapneystiko/prodilac-immuno-shield-start-gia-amyna-organismou-/;PRODILAC IMMUNO SHIELD START;45.3;PRODILAC IMMUNO SHIELD FAST MELT;26.8;PRODILAC START;1.2
5202888320118;FREZYDERM PRODILAC IMMUNO SHIELD START 30STIC;Αυτόματο (σίγουρο);41.9;PRODILAC IMMUNO SHIELD START;https://www.frezyderm.gr/sumplhrwmata-diatrofis/symplhrwmata-diatrofhs-gia-to-anwtero-anapneystiko/prodilac-immuno-shield-start-gia-amyna-organismou-/;PRODILAC IMMUNO SHIELD START;41.9;PRODILAC IMMUNO SHIELD FAST MELT;23.4;PRODILAC START;-2.2
5202888105494;FREZYDERM PRODILAC KIDS;Αυτόματο (σίγουρο);15.3;PRODILAC KIDS;https://www.frezyderm.gr/sumplhrwmata-diatrofis/symplhrwmata-diatrofhs-gia-thn-enterikh-xlwrida/prodilac-kids-symplhrwma-diatrofhs-gia-paidia/;PRODILAC KIDS;15.3;PRODILAC START;2.2;PRODILAC RESTORE;2.2
5202888320057;FREZYDERM PRODILAC ORAL (30 ΜΑΣΩΜΕΝΑ ΔΙΣΚΙΑ)-  (Φ.Π.Α 6%);Χωρίς σελίδα;;;;PRODILAC START;-3.8;PRODILAC RESTORE;-3.8;PRODILAC IMMUNO SHIELD START;-3.8
5202888320064;FREZYDERM PRODILAC ORAL KIDS (30 ΜΑΣΩΜ ΠΑ);Χωρίς σελίδα;;;;PRODILAC KIDS;-0.4;FREZYDERM PROPOLIS ORAL SPRAY;-5.0;PRODILAC START;-7.0
5202888105517;FREZYDERM PRODILAC RESTORE;Αυτόματο (σίγουρο);19.4;PRODILAC RESTORE;https://www.frezyderm.gr/sumplhrwmata-diatrofis/symplhrwmata-diatrofhs-gia-thn-enterikh-xlwrida/prodilac-restore-symplhrwma-diatrofhs-gia-enhlikes-/;PRODILAC RESTORE;19.4;PRODILAC START;0.4;PRODILAC IMMUNO SHIELD START;0.4
5202888105487;FREZYDERM PRODILAC START;Αυτόματο (σίγουρο);18.7;PRODILAC START;https://www.frezyderm.gr/sumplhrwmata-diatrofis/symplhrwmata-diatrofhs-gia-thn-enterikh-xlwrida/prodilac-start-symplhrwma-diatrofhs-gia-mwra/;PRODILAC START;18.7;PRODILAC IMMUNO SHIELD START;10.7;PRODILAC RESTORE;0.7
5202888320095;FREZYDERM PRODILAC START 30 STICKS;Αυτόματο (σίγουρο);15.3;PRODILAC START;https://www.frezyderm.gr/sumplhrwmata-diatrofis/symplhrwmata-diatrofhs-gia-thn-enterikh-xlwrida/prodilac-start-symplhrwma-diatrofhs-gia-mwra/;PRODILAC START;15.3;PRODILAC IMMUNO SHIELD START;7.2;PRODILAC RESTORE;-2.7
5202888261015;FREZYDERM PROFLAMINE 40ML;Ακριβές (GTIN);;PROFLAMINE CREAM;https://www.frezyderm.gr/proionta-peripoihshs-ekseidikeumenh-frontida/kremes-anaplashs/proflamine-krema-gia-egkaumata/;PROFLAMINE CREAM;6.1;AC-NORM ACTIVE FOAM PLUS;-4.6;SKIN CLEANSER;-4.6
5202888331022;FREZYDERM PROPOLIS SPRAY 30 ML;Αυτόματο (σίγουρο);32.1;FREZYDERM PROPOLIS ORAL SPRAY;https://www.frezyderm.gr/sumplhrwmata-diatrofis/propolis-oral-spray-sumplirwma-diatrofis-gia-erethismeno-laimo/;FREZYDERM PROPOLIS ORAL SPRAY;32.1;LICE REP EXTREME SPRAY;-4.9;FREZYFEET ODOR STOP SPRAY;-4.9
5202888263026;FREZYDERM PS T Cell Balance Cream Step 3  75ml;Αυτόματο (σίγουρο);33.3;PS.T. FLAKES BALANCE CREAM STEP 3;https://www.frezyderm.gr/proionta-peripoihshs-ekseidikeumenh-frontida/pswriash/pst-flakes-balance-eidikh-krema-gia-thn-pswriash/;PS.T. FLAKES BALANCE CREAM STEP 3;33.3;PS.T. SECOND SKIN CREAM STEP 4;6.9;AC-NORM MEDILIKE EFFECT 3 CREAM;-9.8
5202888263040;FREZYDERM PS T Cleanser Step 1  200ml;Αυτόματο (σίγουρο);35.8;PS.T. CLEANSER STEP 1;https://www.frezyderm.gr/proionta-peripoihshs-ekseidikeumenh-frontida/pswriash/pst-cleanser-katharistiko-gia-pswriash/;PS.T. CLEANSER STEP 1;35.8;PS.T. FLAKES BALANCE CREAM STEP 3;-6.4;PS.T. SECOND SKIN CREAM STEP 4;-6.4
5202888263019;FREZYDERM PS T Keratolytic Cream Step 2  200ml;Χωρίς σελίδα (χειροκίνητα);;;;PS.T. SECOND SKIN CREAM STEP 4;11.5;PS.T. FLAKES BALANCE CREAM STEP 3;9.5;AC-NORM MEDILIKE EFFECT 2 CREAM;-5.3
5202888263033;FREZYDERM PS T Second Skin Cream Step 4  50ml;Αυτόματο (σίγουρο);63.4;PS.T. SECOND SKIN CREAM STEP 4;https://www.frezyderm.gr/proionta-peripoihshs-ekseidikeumenh-frontida/pswriash/pst4-second-skin-cream-step-4/;PS.T. SECOND SKIN CREAM STEP 4;63.4;PS.T. FLAKES BALANCE CREAM STEP 3;5.4;SENSITIVE RED SKIN FACIAL CREAM;-9.3
5202888263071;FREZYDERM PS.T PSORIASIS S. SKIN S4 50ML;Ακριβές (GTIN);;PS.T. SECOND SKIN CREAM STEP 4;https://www.frezyderm.gr/proionta-peripoihshs-ekseidikeumenh-frontida/pswriash/pst4-second-skin-cream-step-4/;PS.T. SECOND SKIN CREAM STEP 4;1.0;PS.T. CLEANSER STEP 1;-7.3;PS.T. FLAKES BALANCE CREAM STEP 3;-7.3
5202888102127;FREZYDERM RECONSTRIA 75ML;Χειροκίνητο;;RECONSTRIA RESTRUCTURING ANTI-STRIA CREAM;https://www.frezyderm.gr/proionta-egkumosunhs/kremes-gia-ragades-egkumosunhs/reconstria-cream-krema-antimetwpishs-ragadwn/;RECONSTRIA RESTRUCTURING ANTI-STRIA CREAM;6.1;AC-NORM ACTIVE FOAM PLUS;-4.6;SKIN CLEANSER;-4.6
5202888223266;FREZYDERM RECONSTRIA RESTRUCTURING CREAM 200 ML;Αυτόματο (σίγουρο);16.4;RECONSTRIA RESTRUCTURING ANTI-STRIA CREAM;https://www.frezyderm.gr/proionta-egkumosunhs/kremes-gia-ragades-egkumosunhs/reconstria-cream-krema-antimetwpishs-ragadwn/;RECONSTRIA RESTRUCTURING ANTI-STRIA CREAM;16.4;BABY CREAM;-11.0;BABY CREAM;-11.0
5202888227592;FREZYDERM RECTANAL AID CREAM 50ML;Αυτόματο (σίγουρο);31.6;RECTANAL AID OINTMENT;https://www.frezyderm.gr/proionta-peripoihshs-ekseidikeumenh-frontida/aimoroides/rectanal-aid-ointment-/;RECTANAL AID OINTMENT;31.6;NIPPLE AID OINTMENT;10.4;ANTICORT OINTMENT;-2.6
5202888221217;FREZYDERM Reform Abdomen Care Cream 150ml;Χωρίς σελίδα;;;;KIDS SUN CARE CREAM SPRAY SPF 50+;2.8;ABD REFORM SKIN TENSIONER CREAM GEL;1.2;NIPPLE EMOLLIENT CREAM-GEL;-4.5
5202888262500;FREZYDERM REVITALIZATION HYDROGEL EYE PATCH;Αυτόματο (σίγουρο);45.1;REVITALIZATION HYDROGEL EYE PATCH;https://www.frezyderm.gr/proionta-peripoiisis-prosopou/maskes-proswpou-eye-patches/revitalization-hydrogel-eye-patch-maska-matiwn/;REVITALIZATION HYDROGEL EYE PATCH;45.1;EYE AREA HYDROGEL HYDROGEL BRIGHT PATCH;10.8;SEAWEED HYDROGEL CARE PATCH;2.8
5202888271113;FREZYDERM Revitalizing Serum 30ml;Χωρίς σελίδα;;;;AC-NORM AQUATIC SERUM;-0.1;FACE SERUM HYALURONIC ACID - Ορός Ενυδάτωσης Προσώπου;-0.1;FACE SERUM PURE COLLAGEN - Ορός Σύσφιξης Προσώπου με Κολλαγόνο;-0.1
5202888106217;FREZYDERM Rinopure Φυσιολογικός Ορός 30τμχ x 5ml;Χειροκίνητο;;RINOPURE;https://www.frezyderm.gr/aposumforitika-mutis/fusiologikos-oros/rinopure-gia-katharismo-myths-matiwn-plhgwn-ekplysh-aytiou/;RINOPURE;0.4;FACE SERUM HYALURONIC ACID - Ορός Ενυδάτωσης Προσώπου;-2.2;FACE SERUM PURE COLLAGEN - Ορός Σύσφιξης Προσώπου με Κολλαγόνο;-2.2
5202888222443;FREZYDERM S.SCREEN ON THE MOVE Spf 50 75ML;Ακριβές (GTIN);;SUN SCREEN ON THE MOVE SPF 50;https://www.frezyderm.gr/adiliaka/adiliaka-prosopou/sun-screen-on-the-move-spf-50-anthliako-spray-proswpou/;SUN SCREEN ON THE MOVE SPF 50;34.4;SUN SCREEN VELVET FACE SPF 50+;9.8;SUN SCREEN COLOR VELVET FACE SPF 50+;9.8
5202888222375;FREZYDERM SEA SIDE DRY MIST  SPF50+ 300ML;Ακριβές (GTIN);;SEA SIDE DRY MIST SPF 50+;https://www.frezyderm.gr/adiliaka/adiliaka-somatos/sea-side-antiliako-mist/;SEA SIDE DRY MIST SPF 50+;57.3;ANTI-THERMAL SPRING SEA WATER MIST;-2.1;INFANT SUN CARE SPF 50+;-6.5
5202888262531;FREZYDERM SEAWEED HYDROGEL CARE PATCH;Αυτόματο (σίγουρο);43.9;SEAWEED HYDROGEL CARE PATCH;https://www.frezyderm.gr/proionta-peripoiisis-prosopou/maskes-proswpou-eye-patches/seaweed-hydrogel-care-patch-maska-proswpou/;SEAWEED HYDROGEL CARE PATCH;43.9;REVITALIZATION HYDROGEL EYE PATCH;3.2;EYE AREA HYDROGEL HYDROGEL BRIGHT PATCH;3.2
5202888105135;FREZYDERM Seb Excess Conditioner 200ml;Χωρίς σελίδα;;;;SEB EXCESS SHAMPOO;5.6;DE-MAKE UP 4 in 1;-13.2;PRODILAC START;-13.2
5202888105128;FREZYDERM Seb Excess Shampoo 200ml;Ακριβές (GTIN);;SEB EXCESS SHAMPOO;https://www.frezyderm.gr/peripoiisi-mallion/sampouan/lipara-mallia/seb-excess-shampoo-sampouan/;SEB EXCESS SHAMPOO;32.3;EVERY DAY USE SHAMPOO;-4.3;HAIR FORCE SHAMPOO MEN;-4.3
5202888105098;FREZYDERM SEBUM CONTROL LOTION 100ML;Χωρίς σελίδα (χειροκίνητα);;;;SEBUM CONTROL SHAMPOO;7.0;SUN SCREEN VELVET BODY LOTION SPF 50+;-4.0;HAIR FORCE LOTION EXTRA;-4.0
5202888105081;FREZYDERM SEBUM CONTROL SHAMPOO 200ML;Ακριβές (GTIN);;SEBUM CONTROL SHAMPOO;https://www.frezyderm.gr/peripoiisi-mallion/sampouan/smigmatorroiki-dermatitida/sebum-control-shampoo-sampouan/;SEBUM CONTROL SHAMPOO;32.4;SEB EXCESS SHAMPOO;-4.5;EVERY DAY USE SHAMPOO;-4.5
5202888102158;FREZYDERM Self Care Gel 75ml;Αυτόματο (σίγουρο);26.7;SELF CARE GEL INTIM LUBRICANT CARE;https://www.frezyderm.gr/peripoihsh-euaisthhths-perioxhs/eidikh-peripoihsh-euaisthhths-perioxhs/self-care-gel-gia-thn-peripoihsh-euaisthhths-perioxhs/;SELF CARE GEL INTIM LUBRICANT CARE;26.7;AQUA CARE GEL;9.4;VAGINAL GEL PLUS TIGHTENING CARE;3.6
5202888227585;FREZYDERM SELF CARE GEL INTIM 50 GR;Αυτόματο (σίγουρο);32.2;SELF CARE GEL INTIM LUBRICANT CARE;https://www.frezyderm.gr/peripoihsh-euaisthhths-perioxhs/eidikh-peripoihsh-euaisthhths-perioxhs/self-care-gel-gia-thn-peripoihsh-euaisthhths-perioxhs/;SELF CARE GEL INTIM LUBRICANT CARE;32.2;AQUA CARE GEL;4.0;VAGINAL GEL PLUS TIGHTENING CARE;-1.9
5202888222283;FREZYDERM Self Tan Body Shape Αυτομαυριστικό Γαλάκτωμα 150ml;Ακριβές (GTIN);;SELF TAN BODY SHAPE;https://www.frezyderm.gr/adiliaka/automauristiko/automauristiko-galaktwma/;SELF TAN BODY SHAPE;33.1;SUN SCREEN TAN ACCELERATOR SPF 10;-11.8;SUN SCREEN VELVET BODY LOTION SPF 50+;-13.7
5202888230042;FREZYDERM SENSI KID'S B.MILK+FAMILY200ml;Αυτόματο (για έλεγχο);28.5;SENSITIVE KIDS BODY MILK;https://www.frezyderm.gr/proionta-paidikhs-peripoihshs/paidika-galaktwmata-swmatos/sensitive-kids-body-milk/;SENSITIVE KIDS BODY MILK;28.5;ACTIVE SUN SCREEN SENSITIVE FACE - BODY SPF 50;9.8;SENSITIVE KIDS SHOWER BATH;3.5
5202888230073;FREZYDERM SENSI KID'S HAIR STYLING GEL 100ml;Ακριβές (GTIN);;SENSITIVE KIDS STYLING GEL;https://www.frezyderm.gr/proionta-paidikhs-peripoihshs/proionta-styling-malliwn-gia-paidia/sensitive-kids-styling-gel-paidiko-zele-malliwn/;SENSITIVE KIDS STYLING GEL;38.5;SENSITIVE KIDS SHOWER BATH;6.4;SENSITEETH KIDS APHTHAE GEL;-0.2
5202888230103;FREZYDERM SENSITEETH EPISMALTO T.PASTE1450ppm 50ML;Ακριβές (GTIN);;SENSITEETH EPISMALTO TOOTHPASTE 1.450ppm;https://www.frezyderm.gr/proionta-paidikhs-peripoihshs/stomatikh-ugieinh/paidikes-odontokremes/sensiteeth-epismalto-toothpaste/;SENSITEETH EPISMALTO TOOTHPASTE 1.450ppm;8.9;SENSITEETH FIRST TOOTHPASTE;-9.5;SENSITEETH KIDS TOOTHPASTE 500ppm;-9.5
5202888230127;FREZYDERM SENSITEETH FIRST TOOTH PASTE40ML;Ακριβές (GTIN);;SENSITEETH FIRST TOOTHPASTE;https://www.frezyderm.gr/frontida-mwrou/brefiki-stomatiki-ugieini/brefikes-odontokremes/sensiteeth-first-toothpaste-brefiki-odontokrema/;SENSITEETH FIRST TOOTHPASTE;12.1;SENSITEETH KIDS TOOTHPASTE 500ppm;-5.3;SENSITEETH KIDS TOOTHPASTE 1.000ppm;-5.3
5202888230134;FREZYDERM SENSITEETH KIDS APHTHAE GEL 25 ML;Αυτόματο (σίγουρο);33.3;SENSITEETH KIDS APHTHAE GEL;https://www.frezyderm.gr/proionta-paidikhs-peripoihshs/stomatikh-ugieinh/paidika-kataprauntika-gel-gia-afthes-stomatika-elkh/sensiteeth-kids-aphthae-gel-tzel-afthes/;SENSITEETH KIDS APHTHAE GEL;33.3;APHTHAE GEL Adults;6.3;SENSITEETH KIDS TOOTHBRUSH SOFT PURPLE;2.6
5202888230080;FREZYDERM SENSITEETH KID'S MOUTHWASH 250ml;Ακριβές (GTIN);;SENSITEETH KIDS MOUTHWASH;https://www.frezyderm.gr/proionta-paidikhs-peripoihshs/stomatikh-ugieinh/stomatika-dialumata-gia-paidia/sensiteeth-kids-stomatiko-dialuma-gia-paidia/;SENSITEETH KIDS MOUTHWASH;3.9;PLAQUE & TARTAR MOUTHWASH;-3.5;SENSITIVE TEETH MOUTHWASH;-3.5
5202888230691;FREZYDERM SensiTeeth Kids Tooth Paste 1000ppm 50ml & ΔΩΡΟ SensiTeeth Kids Mouthwash 100ml;Χειροκίνητο;;SENSITEETH KIDS TOOTHPASTE 1.000ppm;https://www.frezyderm.gr/proionta-paidikhs-peripoihshs/stomatikh-ugieinh/paidikes-odontokremes/sensiteeth-kids-toothpaste/;SENSITEETH KIDS MOUTHWASH;-12.7;SENSITEETH KIDS TOOTHPASTE 500ppm;-17.4;SENSITEETH KIDS TOOTHPASTE 1.000ppm;-17.4
5202888230097;FREZYDERM SENSITEETH KIDS TOOTH PASTE1000ppm 50 ML;Ακριβές (GTIN);;SENSITEETH KIDS TOOTHPASTE 1.000ppm;https://www.frezyderm.gr/proionta-paidikhs-peripoihshs/stomatikh-ugieinh/paidikes-odontokremes/sensiteeth-kids-toothpaste/;SENSITEETH KIDS TOOTHPASTE 500ppm;1.6;SENSITEETH KIDS TOOTHPASTE 1.000ppm;1.6;SENSITEETH KIDS TOOTHBRUSH SOFT PURPLE;-5.1
5202888230059;FREZYDERM SENSITEETH KID'S TOOTHPASTE 50ml;Ακριβές (GTIN);;SENSITEETH KIDS TOOTHPASTE 500ppm;https://www.frezyderm.gr/proionta-paidikhs-peripoihshs/stomatikh-ugieinh/paidikes-odontokremes/sensiteeth-kids-toothpaste-paidikh-odontokrema/;SENSITEETH FIRST TOOTHPASTE;3.5;SENSITEETH KIDS TOOTHPASTE 500ppm;3.5;SENSITEETH KIDS TOOTHPASTE 1.000ppm;3.5
5202888230158;FREZYDERM SENSITIVE INTIM GIRL FOAM 250ML;Ακριβές (GTIN);;SENSITIVE KIDS INTIM GIRL FOAM;https://www.frezyderm.gr/proionta-paidikhs-peripoihshs/afroloutra/sensitive-kids-afros-katharismou-euaisthhths-perioxhs/;SENSITIVE KIDS INTIM GIRL FOAM;28.2;INTIM AID VINEGAR FOAM;1.0;INTIM AID SODA FOAM;1.0
5202888230066;FREZYDERM Sensitive Kids Magic Spray for Girls 150ml;Ακριβές (GTIN);;SENSITIVE KIDS MAGIC SPRAY;https://www.frezyderm.gr/proionta-paidikhs-peripoihshs/proionta-styling-malliwn-gia-paidia/sensitive-kids-paidiko-sprei-gia-ksemplegma-malliwn/;SENSITIVE KIDS MAGIC SPRAY;29.6;SENSITIVE KIDS SHOWER BATH;2.0;SENSITIVE KIDS SHAMPOO GIRLS;2.0
5202888230011;FREZYDERM Sensitive Kids Shampoo for Boys 200ml;Ακριβές (GTIN);;SENSITIVE KIDS SHAMPOO BOYS;https://www.frezyderm.gr/proionta-paidikhs-peripoihshs/paidika-sampouan/sensitive-kids-paidiko-sampouan-gia-agoria/;SENSITIVE KIDS SHAMPOO BOYS;33.5;SENSITIVE KIDS SHAMPOO GIRLS;17.6;SENSITIVE KIDS SHOWER BATH;6.0
5202888230028;FREZYDERM SENSITIVE KID'S SHAMPOO GIRL 200ml;Ακριβές (GTIN);;SENSITIVE KIDS SHAMPOO GIRLS;https://www.frezyderm.gr/proionta-paidikhs-peripoihshs/paidika-sampouan/sensitive-kids-paidiko-sampouan-gia-koritsia/;SENSITIVE KIDS SHAMPOO GIRLS;14.6;SENSITIVE KIDS SHAMPOO BOYS;-0.4;SEB EXCESS SHAMPOO;-7.7
5202888230035;FREZYDERM Sensitive Kids Shower Bath 200ml;Ακριβές (GTIN);;SENSITIVE KIDS SHOWER BATH;https://www.frezyderm.gr/proionta-paidikhs-peripoihshs/afroloutra/sensitive-kids-shower-bath/;SENSITIVE KIDS SHOWER BATH;39.6;SENSITIVE KIDS SHAMPOO BOYS;5.8;SENSITIVE KIDS SHAMPOO GIRLS;5.8
5202888271656;FREZYDERM Sensitive Red Skin Facial Cream 50ml;Αυτόματο (σίγουρο);42.7;SENSITIVE RED SKIN FACIAL CREAM;https://www.frezyderm.gr/proionta-peripoiisis-prosopou/kremes-prosopou/kremes-gia-eyaisthhto-derma/krema-gia-euaisthito-derma-rodoxrous-noso/;SENSITIVE RED SKIN FACIAL CREAM;42.7;SENSITIVE RED SKIN TINTED SPF 30 CREAM;22.3;ABD REFORM SKIN TENSIONER CREAM GEL;-4.3
5202888271649;FREZYDERM Sensitive Red Skin Tinted SPF30 Cream 30ml;Αυτόματο (σίγουρο);55.6;SENSITIVE RED SKIN TINTED SPF 30 CREAM;https://www.frezyderm.gr/proionta-peripoiisis-prosopou/kremes-prosopou/kremes-gia-eyaisthhto-derma/egxrwmi-krema-gia-euaisthito-derma-rodoxrous-noso/;SENSITIVE RED SKIN TINTED SPF 30 CREAM;55.6;SENSITIVE RED SKIN FACIAL CREAM;17.4;ACTIVE SUN SCREEN FACE CREAM SPF 30;-0.4
5202888010026;FREZYDERM Skin Cleanser 125ml;Ακριβές (GTIN);;SKIN CLEANSER;https://www.frezyderm.gr/proionta-peripoiisis-prosopou/katharismos-proswpou/katharistika-prosopou/katharistiko-prosopou-xeriwn-kai-swmatos/;SKIN CLEANSER;14.6;AC-NORM ACTIVE CLEANSER;1.5;INTIM AID CLEANSER;1.5
5202888273131;FREZYDERM Skin Code Super Booster Cream 5ml;Χωρίς σελίδα (χειροκίνητα);;;;FACE SERUM SUPER SKIN CODE - Αντιρυτιδικός Ορός;8.4;SENSITIVE RED SKIN FACIAL CREAM;-6.3;SENSITIVE RED SKIN TINTED SPF 30 CREAM;-6.3
5202888102165;FREZYDERM Sooth Balm Body Cream 175ml;Ακριβές (GTIN);;SOOTH BALM;https://www.frezyderm.gr/peripoiisi-somatos/galaktomata-somatos/sooth-balm-galaktwma-swmatos-knhsmos-erethismoi/;SOOTH BALM;13.9;ANTI-AGEING BODY CREAM;4.5;AC-NORM LIP BALM SPF 15;-5.1
5202888102462;FREZYDERM SPOT END CORRECTIVE 30ML;Αυτόματο (σίγουρο);28.9;SPOT END CORRECTIVE;https://www.frezyderm.gr/proionta-peripoiisis-prosopou/panades-leukansi-proswpou/spot-end-krema-gia-panades/;SPOT END CORRECTIVE;28.9;SPOT END DAY CREAM SPF 15;12.7;SPOT END NIGHT CREAM;12.7
5202888102424;FREZYDERM SPOT END DAY CREAM SPF15 50ML;Αυτόματο (σίγουρο);48.5;SPOT END DAY CREAM SPF 15;https://www.frezyderm.gr/proionta-peripoiisis-prosopou/panades-leukansi-proswpou/spot-end-krema-prosopou-gia-panades/;SPOT END DAY CREAM SPF 15;48.5;SPOT END HAND CREAM SPF 15;33.4;SPOT END NIGHT CREAM;10.2
5202888102431;FREZYDERM Spot End Essence Active Gel  50ml;Αυτόματο (σίγουρο);45.5;SPOT END ESSENCE ACTIVE GEL;https://www.frezyderm.gr/proionta-peripoiisis-prosopou/panades-leukansi-proswpou/spot-end-gel-gia-panades/;SPOT END ESSENCE ACTIVE GEL;45.5;SPOT END CORRECTIVE;6.9;SPOT END DAY CREAM SPF 15;-3.1
5202888102448;FREZYDERM Spot End Hand Cream SPF 15  50ml;Αυτόματο (σίγουρο);54.3;SPOT END HAND CREAM SPF 15;https://www.frezyderm.gr/peripoiisi-somatos/kremes-xeriwn/spot-end-hand-spf-15-krema-gia-panades-sta-xeria/;SPOT END HAND CREAM SPF 15;54.3;SPOT END DAY CREAM SPF 15;30.9;SPOT END NIGHT CREAM;9.8
5202888102455;FREZYDERM SPOT END NIGHT CREAM 50ML;Αυτόματο (σίγουρο);33.5;SPOT END NIGHT CREAM;https://www.frezyderm.gr/proionta-peripoiisis-prosopou/panades-leukansi-proswpou/spot-end-krema-nuxtas-gia-panades-prosopou/;SPOT END NIGHT CREAM;33.5;SPOT END DAY CREAM SPF 15;16.3;SPOT END HAND CREAM SPF 15;16.3
5202888221279;FREZYDERM SUN .KIDS LOT WET SKIN SPR SPF50+ 200ML;Αυτόματο (σίγουρο);38.8;KIDS SUN CARE SPF 50+ WET SKIN SPRAY;https://www.frezyderm.gr/proionta-paidikhs-peripoihshs/paidika-anthliaka/kids-sun-care-spf-50-paidiko-anthliako-sprei/;KIDS SUN CARE SPF 50+ WET SKIN SPRAY;38.8;KIDS SUN CARE CREAM SPRAY SPF 50+;15.3;ACTIVE SUN SCREEN CREAM SPRAY SPF 50+;8.8
5202888102516;FREZYDERM Sun Screen Anti-Seb Spray SPF30 150ml;Ακριβές (GTIN);;SUN SCREEN ANTI-SEB SPRAY SPF 30;https://www.frezyderm.gr/adiliaka/adiliaka-somatos/sun-screen-anti-seb-spray-spf-30/;SUN SCREEN ANTI-SEB SPRAY SPF 30;59.5;SUN SCREEN VELVET FACE SPF 30;9.3;SUN SCREEN COLOR VELVET FACE SPF 30;7.4
5202888102486;FREZYDERM Sun Screen Body Foundation SPF30 50ml;Αυτόματο (σίγουρο);40.7;ACTIVE SUN SCREEN BODY FOUNDATION SPF 30;https://www.frezyderm.gr/adiliaka/adiliaka-somatos/active-antiliako-make-up-gia-to-swma/;ACTIVE SUN SCREEN BODY FOUNDATION SPF 30;40.7;ACTIVE SUN SCREEN FACE FOUNDATION SPF 30;23.6;SUN SCREEN ANTI-SEB SPRAY SPF 30;13.6
5202888102509;FREZYDERM Sun Screen Clear Spray SPF20 150ml;Χωρίς σελίδα (χειροκίνητα);;;;SUN SCREEN ANTI-SEB SPRAY SPF 30;2.8;ACTIVE SUN SCREEN CREAM SPRAY SPF 50+;2.8;SUN SCREEN INVISIBLE SPRAY SPF 50+;-0.6
5202888400124;FREZYDERM Sun Screen Cream to Powder SPF50  50ml;Αυτόματο (σίγουρο);44.6;SUN SCREEN CREAM-TO-POWDER SPF 50+;https://www.frezyderm.gr/adiliaka/adiliaka-prosopou/sun-screen-cream-to-powder-spf-50/;SUN SCREEN CREAM-TO-POWDER SPF 50+;44.6;SUN SCREEN FLUID-TO-POWDER SPF 50+;28.9;ACTIVE SUN SCREEN CREAM SPRAY SPF 50+;21.9
5202888222405;FREZYDERM Sun Screen Invisible Spray SPF50+  200ml;Αυτόματο (σίγουρο);38.9;SUN SCREEN INVISIBLE SPRAY SPF 50+;https://www.frezyderm.gr/adiliaka/adiliaka-somatos/diafano-antiliako-somatos/;SUN SCREEN INVISIBLE SPRAY SPF 50+;38.9;ACTIVE SUN SCREEN CREAM SPRAY SPF 50+;23.4;SUN SCREEN ON THE MOVE SPF 50;16.1
5202888222467;FREZYDERM SUN SCREEN MOUSSE SPF 50 200ML;Ακριβές (GTIN);;SUN SCREEN MOUSSE SPF 50+;https://www.frezyderm.gr/adiliaka/adiliaka-somatos/sun-screen-mousse-spf-50/;SUN SCREEN MOUSSE SPF 50+;36.6;SUN SCREEN ON THE MOVE SPF 50;14.9;VELVET STARS SUN SCREEN SPF 50+;14.9
5202888222412;FREZYDERM Sun Screen Mousse SPF30  200ml;Ακριβές (GTIN);;SUN SCREEN MOUSSE SPF 30;https://www.frezyderm.gr/adiliaka/adiliaka-somatos/antiliako-mous-spf-30/;SUN SCREEN MOUSSE SPF 30;33.0;SUN SCREEN MOUSSE SPF 50+;17.1;SUN SCREEN VELVET FACE SPF 30;15.5
5202888102233;FREZYDERM Sun Screen Mousse SPF30 150ml;Αυτόματο (σίγουρο);33.0;SUN SCREEN MOUSSE SPF 30;https://www.frezyderm.gr/adiliaka/adiliaka-somatos/antiliako-mous-spf-30/;SUN SCREEN MOUSSE SPF 30;33.0;SUN SCREEN MOUSSE SPF 50+;17.1;SUN SCREEN VELVET FACE SPF 30;15.5
5202888222306;FREZYDERM SUN SCREEN SECOND SKIN FACE 30+ 50ml;Χωρίς σελίδα;;;;SUN SCREEN VELVET FACE SPF 30;6.4;SUN SCREEN COLOR VELVET FACE SPF 30;6.4;ACTIVE SUN SCREEN FACE CREAM SPF 30;6.4
5202888222290;FREZYDERM SUN SCREEN SECOND SKIN FACE 50+  50ml;Χωρίς σελίδα;;;;SUN SCREEN VELVET FACE SPF 50+;5.1;SUN SCREEN COLOR VELVET FACE SPF 50+;5.1;ACTIVE SUN SCREEN FACE CREAM SPF 50+;5.1
5202888102592;FREZYDERM Sun Screen Tan Accelerator SPF10  150ml;Ακριβές (GTIN);;SUN SCREEN TAN ACCELERATOR SPF 10;https://www.frezyderm.gr/adiliaka/adiliaka-somatos/antiliako-gia-grigoro-maurisma/;SUN SCREEN TAN ACCELERATOR SPF 10;44.9;SUN SCREEN ANTI-SEB SPRAY SPF 30;-9.8;AC-NORM SUN SCREEN FLUID ΜΑΤ SPF 50+;-9.8
5202888222313;FREZYDERM Sun Screen Velvet Body Lotion SPF 50+  125ml;Αυτόματο (σίγουρο);45.5;SUN SCREEN VELVET BODY LOTION SPF 50+;https://www.frezyderm.gr/adiliaka/adiliaka-somatos/antiliako-swmatos-velvet/;SUN SCREEN VELVET BODY LOTION SPF 50+;45.5;SUN SCREEN VELVET FACE SPF 50+;17.6;VELVET STARS SUN SCREEN SPF 50+;15.6
5202888222351;FREZYDERM SUN SCREEN VELVET COLOR FACE SPF 50+ 50ml;Αυτόματο (σίγουρο);32.6;SUN SCREEN COLOR VELVET FACE SPF 50+;https://www.frezyderm.gr/adiliaka/adiliaka-prosopou-me-xroma/antiliako-me-xrwma-velvet-spf-50/;SUN SCREEN COLOR VELVET FACE SPF 50+;32.6;SUN SCREEN VELVET FACE SPF 50+;28.4;SUN SCREEN VELVET BODY LOTION SPF 50+;17.0
5202888222399;FREZYDERM SUN SCREEN VELVET COLOR FACE SPF30 50ML;Αυτόματο (σίγουρο);33.0;SUN SCREEN COLOR VELVET FACE SPF 30;https://www.frezyderm.gr/adiliaka/adiliaka-prosopou-me-xroma/egxrwmo-antiliako-prosopou/;SUN SCREEN COLOR VELVET FACE SPF 30;33.0;SUN SCREEN VELVET FACE SPF 30;30.7;ACTIVE SUN SCREEN FACE CREAM SPF 30;15.0
5202888400117;FREZYDERM SUNSCREEN FLUID TO POWDER SPF50  50ML;Αυτόματο (σίγουρο);32.2;SUN SCREEN FLUID-TO-POWDER SPF 50+;https://www.frezyderm.gr/adiliaka/adiliaka-prosopou/sun-screen-fluid-to-powder-spf-50-anthliako-proswpou/;SUN SCREEN FLUID-TO-POWDER SPF 50+;32.2;SUN SCREEN CREAM-TO-POWDER SPF 50+;15.5;ANTI-AGING LIQUID SUNSCREEN PLANT EXOSOMES SPF 50+;8.1
5202888281112;FREZYDERM TOOTHPASTE BLACK & WHITE 75ML;Αυτόματο (σίγουρο);15.4;BLACK & POLISH TOOTHPASTE;https://www.frezyderm.gr/proionta-gia-th-stomatikh-ygieinh/proionta-stomatikhs-ygieinhs-gia-enhlikes/proionta-leykanshs-dontiwn/black-white-toothpaste/;BLACK & POLISH TOOTHPASTE;15.4;SENSITEETH FIRST TOOTHPASTE;-5.0;SENSITEETH KIDS TOOTHPASTE 500ppm;-5.0
5202888281068;FREZYDERM TOOTHPASTE GINGIVITIS 75ML;Ακριβές (GTIN);;GINGIVITAL TOOTHPASTE;https://www.frezyderm.gr/proionta-gia-th-stomatikh-ygieinh/proionta-stomatikhs-ygieinhs-gia-enhlikes/prostasia-apo-thn-oulitida/gingivital-toothpaste-odontokrema/;SENSITEETH KIDS TOOTHPASTE 1.000ppm;19.8;GINGIVITAL TOOTHPASTE;8.7;SENSITEETH EPISMALTO TOOTHPASTE 1.450ppm;3.8
5202888283000;FREZYDERM TOOTHPASTE HOMEOPATHY 75ML;Ακριβές (GTIN);;HOMEOPATHY TOOTHPASTE;https://www.frezyderm.gr/proionta-gia-th-stomatikh-ygieinh/proionta-stomatikhs-ygieinhs-gia-enhlikes/proionta-stomatikhs-ygieinhs-kai-omoiopathhtikh/homeopathy-toothpaste-odontokrema-sumbati-me-omoiopathitiki-agwgi/;HOMEOPATHY TOOTHPASTE;9.5;SENSITEETH FIRST TOOTHPASTE;-0.4;SENSITEETH KIDS TOOTHPASTE 500ppm;-0.4
5202888281105;FREZYDERM TOOTHPASTE ODOR BLOCKER 75 ML;Αυτόματο (σίγουρο);21.6;ODOR BLOCKER TOOTHPASTE;https://www.frezyderm.gr/proionta-gia-th-stomatikh-ygieinh/proionta-stomatikhs-ygieinhs-gia-enhlikes/kakosmia-stomatos/odor-blocker-toothpaste-odontokrema-gia-tin-kakosmia-tou-stomatos/;ODOR BLOCKER TOOTHPASTE;21.6;ODOR BLOCKER MOUTHWASH;4.9;ODOR BLOCKER SPRAY;4.9
5202888281044;FREZYDERM TOOTHPASTE PERIODONTITIS 75ML;Ακριβές (GTIN);;PERIODIGUM TOOTHPASTE;https://www.frezyderm.gr/proionta-gia-th-stomatikh-ygieinh/proionta-stomatikhs-ygieinhs-gia-enhlikes/prostasia-apo-thn-periodontitida/periodigum-toothpaste-odontokrema/;PERIODIGUM TOOTHPASTE;16.2;SENSITEETH FIRST TOOTHPASTE;-0.2;SENSITEETH KIDS TOOTHPASTE 500ppm;-0.2
5202888281037;FREZYDERM TOOTHPASTE PLAQUE&TARTAR 75ML;Ακριβές (GTIN);;PLAQUE & TARTAR TOOTHPASTE;https://www.frezyderm.gr/proionta-gia-th-stomatikh-ygieinh/proionta-stomatikhs-ygieinhs-gia-enhlikes/prostasia-apo-thn-terhdona/plaque-tartar-toothpaste-odontokrema-gia-tin-teridona/;PLAQUE & TARTAR TOOTHPASTE;23.8;PLAQUE & TARTAR MOUTHWASH;7.0;SENSITEETH FIRST TOOTHPASTE;-4.7
5202888281051;FREZYDERM TOOTHPASTE PREGNACY 75ML;Ακριβές (GTIN);;PREGNANCY TOOTHPASTE;https://www.frezyderm.gr/proionta-gia-th-stomatikh-ygieinh/proionta-stomatikhs-ygieinhs-gia-enhlikes/proionta-stomatikhs-ygieinhs-gia-egkymosynh/pregnancy-toothpaste-odontokrema-gia-egkuous/;PREGNANCY TOOTHPASTE;17.4;SENSITEETH FIRST TOOTHPASTE;-0.7;SENSITEETH KIDS TOOTHPASTE 500ppm;-0.7
5202888281020;FREZYDERM TOOTHPASTE SENSITIVE TEETH 75m;Ακριβές (GTIN);;SENSITIVE TEETH TOOTHPASTE;https://www.frezyderm.gr/proionta-gia-th-stomatikh-ygieinh/proionta-stomatikhs-ygieinhs-gia-enhlikes/proionta-stomatikhs-ygieinhs-gia-eyaisthhta-dontia/sensitive-teeth-toothpaste-odontokrema-gia-euaisthita-dontia/;SENSITIVE TEETH TOOTHPASTE;16.5;SENSITIVE TEETH MOUTHWASH;-2.7;SENSITIVE KIDS SHOWER BATH;-7.6
5202888281013;FREZYDERM TOOTHPASTE WHITENING 75 ML;Ακριβές (GTIN);;WHITENING TOOTHPASTE;https://www.frezyderm.gr/proionta-gia-th-stomatikh-ygieinh/proionta-stomatikhs-ygieinhs-gia-enhlikes/proionta-leykanshs-dontiwn/whitening-toothpaste-odontokrema-leukansis-dontiwn/;WHITENING TOOTHPASTE;8.5;INSTANT WHITENING BLUE TOOTHPASTE;8.5;INSTANT WHITENING BLUE MOUTHFOAM;1.8
5202888281006;FREZYDERM TOOTHPASTE WHITENING BLUE 75ML;Αυτόματο (σίγουρο);22.1;INSTANT WHITENING BLUE TOOTHPASTE;https://www.frezyderm.gr/proionta-gia-th-stomatikh-ygieinh/proionta-stomatikhs-ygieinhs-gia-enhlikes/proionta-leykanshs-dontiwn/instant-whitening-blue-toothpaste-odontokrema-leukansis-dontiwn/;INSTANT WHITENING BLUE TOOTHPASTE;22.1;INSTANT WHITENING BLUE MOUTHFOAM;15.3;WHITENING TOOTHPASTE;5.5
5202888102103;FREZYDERM Tripleffect Cream Gel 150ml;Χωρίς σελίδα (χειροκίνητα);;;;ABD REFORM SKIN TENSIONER CREAM GEL;6.7;UP CONFIDENCE BUST RECOVERY CREAM GEL;6.7;NIPPLE EMOLLIENT CREAM-GEL;5.1
6202888222979;FREZYDERM VELVET STARS SPF50+ 175ML;Αυτόματο (σίγουρο);27.7;VELVET STARS SUN SCREEN SPF 50+;https://www.frezyderm.gr/adiliaka/adiliaka-somatos/velvet-stars-sun-screen-spf-50-/;VELVET STARS SUN SCREEN SPF 50+;27.7;SUN SCREEN VELVET FACE SPF 50+;10.6;SUN SCREEN COLOR VELVET FACE SPF 50+;10.6
5202888331527;FREZYDERM VITAMIN D3 20ML BOTTLE;Αυτόματο (σίγουρο);17.7;VITAMIN D3;https://www.frezyderm.gr/sumplhrwmata-diatrofis/symplhrwmata-diatrofhs-gia-elleipsh-bitaminhs-d3-/symplhrwma-diatrofhs-ws-phgh-bitaminhs-d3/;VITAMIN D3;17.7;FACE SERUM VITAMIN 5C³ STABLE - Ορός Λάμψης Προσώπου;1.1;AC-NORM ACTIVE FOAM PLUS;-8.8
5202888271083;FREZYDERM Volpaderm AHA Body Milk 200ml;Ακριβές (GTIN);;VOLPADERM AHA MILK;https://www.frezyderm.gr/peripoiisi-somatos/galaktomata-somatos/volpaderm-aha-milk-galaktwma-enudatwsh-apolepish-swmatos/;VOLPADERM AHA MILK;21.4;SENSITIVE KIDS BODY MILK;9.2;VOLPADERM AHA CREAM;-0.9
5202888271076;FREZYDERM Volpaderm AHA Cream 50ml;Ακριβές (GTIN);;VOLPADERM AHA CREAM;https://www.frezyderm.gr/proionta-peripoiisis-prosopou/kremes-prosopou/enudatikes-kremes-prosopou/krema-apolepisis-enudatwshs-prosopou/;VOLPADERM AHA CREAM;23.6;VOLPADERM AHA MILK;7.4;BABY CREAM;-5.6
5202888010620;FREZYDERM Volpaderm Nails Treating Gel 25ml;Ακριβές (GTIN);;VOLPADERM NAILS TREATING GEL;https://www.frezyderm.gr/peripoiisi-somatos/kremes-xeriwn/volpaderm-krema-gia-thn-peripoihsh-nuxiwn/;VOLPADERM NAILS TREATING GEL;38.1;BABY GUMS GEL;-9.5;SENSITEETH KIDS APHTHAE GEL;-9.5
5202888331589;FREZYDERM VOMIFREE BOX OF 30 CH TABS1 GR;Αυτόματο (για έλεγχο);12.1;VOMI FREE;https://www.frezyderm.gr/sumplhrwmata-diatrofis/subliromata-diatrofis-gia-katapolemisi-nautias/vomi-free-sumplirwma-diatrofis-gia-ti-katapolemisi-tis-nautias/;VOMI FREE;12.1;LICE FREE SET;-7.2;SUN SCREEN VELVET FACE SPF 30;-8.6
5202888009068;FREZYDERM Βιολογικό Χαμομήλι 30gr;Χωρίς σελίδα;;;;INTIM VAGINAL DOUCHE MONODOSE ΧΑΜΟΜΗΛΙ pH 4.5;5.0;AC-NORM ACTIVE FOAM PLUS;-5.7;SKIN CLEANSER;-5.7
